"codigo","tipo","archivo","ruta_relativa","duracion_segundos","formato","codec_video","codec_audio","tamano_bytes","sha256","ubicacion_deposito","url_descarga"
"EFT-01_Entrevista Parte 2","Audio","EFT-01_Entrevista Parte 2.mp3","02_Audios_Originales\EFT-01_Entrevista Parte 2.mp3","478.752","mp3","","mp3","7660170","1318E76D7A9D672CC8D36567AC7CB0FF7CAB71FA20C8C516293C4C5F18DC8AA8","https://github.com/gleiston-guerrero/SICST_ISR401/releases/download/evidencias-2B/evidencias_restringidas.7z","https://github.com/gleiston-guerrero/SICST_ISR401/releases/download/evidencias-2B/evidencias_restringidas.7z"
"EFT-01_Entrevista","Audio","EFT-01_Entrevista.mp3","02_Audios_Originales\EFT-01_Entrevista.mp3","550.248","mp3","","mp3","8804106","DB2C0EBBCF829E35BFE55CA2B109B4E206A085FEB2B38BA0688D497CD2EF2103","https://github.com/gleiston-guerrero/SICST_ISR401/releases/download/evidencias-2B/evidencias_restringidas.7z","https://github.com/gleiston-guerrero/SICST_ISR401/releases/download/evidencias-2B/evidencias_restringidas.7z"
"EFT-02_Entrevista","Audio","EFT-02_Entrevista.mp3","02_Audios_Originales\EFT-02_Entrevista.mp3","1047.264","mp3","","mp3","16756362","14078223109582F393B58723BB9288FBD223BFBCE5B73544488F0BCAC95E5108","https://github.com/gleiston-guerrero/SICST_ISR401/releases/download/evidencias-2B/evidencias_restringidas.7z","https://github.com/gleiston-guerrero/SICST_ISR401/releases/download/evidencias-2B/evidencias_restringidas.7z"
"EFT-03_Entrevista","Audio","EFT-03_Entrevista.mp3","02_Audios_Originales\EFT-03_Entrevista.mp3","838.872","mp3","","mp3","13422090","4780C2C3D67814F87A5616F9A5965880EF9AE5D70BF8B71313FA5619BD434F2A","https://github.com/gleiston-guerrero/SICST_ISR401/releases/download/evidencias-2B/evidencias_restringidas.7z","https://github.com/gleiston-guerrero/SICST_ISR401/releases/download/evidencias-2B/evidencias_restringidas.7z"
"EV2-PAC-01_Entrevista","Audio","EV2-PAC-01_Entrevista.mp3","02_Audios_Originales\EV2-PAC-01_Entrevista.mp3","285.909","mp3","","mp3","4575306","3888A1FB169E179F80CD556EDFD9F434590AB0B32753F6D174C6921CCFFB4FC9","https://github.com/gleiston-guerrero/SICST_ISR401/releases/download/evidencias-2B/evidencias_restringidas.7z","https://github.com/gleiston-guerrero/SICST_ISR401/releases/download/evidencias-2B/evidencias_restringidas.7z"
"EV2-PAC-01_Walktrough","Audio","EV2-PAC-01_Walktrough.mp3","02_Audios_Originales\EV2-PAC-01_Walktrough.mp3","126.168","mp3","","mp3","2018826","21FF748A665D2763F2EFF2E3408209278ED334C905EA4B69213967EF889C0907","https://github.com/gleiston-guerrero/SICST_ISR401/releases/download/evidencias-2B/evidencias_restringidas.7z","https://github.com/gleiston-guerrero/SICST_ISR401/releases/download/evidencias-2B/evidencias_restringidas.7z"
"EV2-PAC-03_Entrevista","Audio","EV2-PAC-03_Entrevista.mp3","02_Audios_Originales\EV2-PAC-03_Entrevista.mp3","257.344","mp3","","mp3","4118346","92CA6A826EB98518F3E571055B66B54A9F3892ADDF532A7F6D2BA5AA71469B4F","https://github.com/gleiston-guerrero/SICST_ISR401/releases/download/evidencias-2B/evidencias_restringidas.7z","https://github.com/gleiston-guerrero/SICST_ISR401/releases/download/evidencias-2B/evidencias_restringidas.7z"
"EV2-PAC-03_Walkthrough","Audio","EV2-PAC-03_Walkthrough.mp3","02_Audios_Originales\EV2-PAC-03_Walkthrough.mp3","207.096","mp3","","mp3","3313674","327B0B5E06CA1F9A43562FA5C4C979FA203AF6CE42A085F2A1764CB8A4FB10CC","https://github.com/gleiston-guerrero/SICST_ISR401/releases/download/evidencias-2B/evidencias_restringidas.7z","https://github.com/gleiston-guerrero/SICST_ISR401/releases/download/evidencias-2B/evidencias_restringidas.7z"
"EV2-PAC-04_Entrevista","Audio","EV2-PAC-04_Entrevista.mp3","02_Audios_Originales\EV2-PAC-04_Entrevista.mp3","444.864","mp3","","mp3","7118538","0288ED21212BBCFEDC198E724221C046ADFED0E8467825B5664E25D119788DB0","https://github.com/gleiston-guerrero/SICST_ISR401/releases/download/evidencias-2B/evidencias_restringidas.7z","https://github.com/gleiston-guerrero/SICST_ISR401/releases/download/evidencias-2B/evidencias_restringidas.7z"
"EV2-PAC-04_Walkthrough","Audio","EV2-PAC-04_Walkthrough.mp3","02_Audios_Originales\EV2-PAC-04_Walkthrough.mp3","244.752","mp3","","mp3","3916170","E12264EF09B55B836378E02117C8CBD531358A271755574CBD5A3D18DADB646C","https://github.com/gleiston-guerrero/SICST_ISR401/releases/download/evidencias-2B/evidencias_restringidas.7z","https://github.com/gleiston-guerrero/SICST_ISR401/releases/download/evidencias-2B/evidencias_restringidas.7z"
"EV2-PAC-05_Entrevista","Audio","EV2-PAC-05_Entrevista.m4a","02_Audios_Originales\EV2-PAC-05_Entrevista.m4a","788.523","m4a","","aac","8154941","759C9DDF94AF2CF31F5C3281B903B7D8BE19A95EB0DC3214948392ABA0F2E712","https://github.com/gleiston-guerrero/SICST_ISR401/releases/download/evidencias-2B/evidencias_restringidas.7z","https://github.com/gleiston-guerrero/SICST_ISR401/releases/download/evidencias-2B/evidencias_restringidas.7z"
"EV2-PAC-05_Walktrough","Audio","EV2-PAC-05_Walktrough.mp3","02_Audios_Originales\EV2-PAC-05_Walktrough.mp3","263.400","mp3","","mp3","4214538","03777338B01DB95110DDA9E1BDF724D5435E7180B5D356B794BC0373C19E8081","https://github.com/gleiston-guerrero/SICST_ISR401/releases/download/evidencias-2B/evidencias_restringidas.7z","https://github.com/gleiston-guerrero/SICST_ISR401/releases/download/evidencias-2B/evidencias_restringidas.7z"
"EV2-PAC-06_Entrevista","Audio","EV2-PAC-06_Entrevista.m4a","02_Audios_Originales\EV2-PAC-06_Entrevista.m4a","735.040","m4a","","aac","7539804","E46DA5178A62A53A2AFA72D6598E320B1E7323FCAAA278B16997D562E3B1AB5A","https://github.com/gleiston-guerrero/SICST_ISR401/releases/download/evidencias-2B/evidencias_restringidas.7z","https://github.com/gleiston-guerrero/SICST_ISR401/releases/download/evidencias-2B/evidencias_restringidas.7z"
"EV2-PAC-06_Walktrough","Audio","EV2-PAC-06_Walktrough.mp3","02_Audios_Originales\EV2-PAC-06_Walktrough.mp3","165.528","mp3","","mp3","2648586","21DA8868BA11EC99F6F11A55E61F8960D4055D086E0872EA2D433BDE712810E5","https://github.com/gleiston-guerrero/SICST_ISR401/releases/download/evidencias-2B/evidencias_restringidas.7z","https://github.com/gleiston-guerrero/SICST_ISR401/releases/download/evidencias-2B/evidencias_restringidas.7z"
"EV2-PAC-07_Entrevista","Audio","EV2-PAC-07_Entrevista.m4a","02_Audios_Originales\EV2-PAC-07_Entrevista.m4a","565.760","m4a","","aac","5758033","1726F0955DE3AA04355F8F437B677DAF1D1CD80EA88AFA151954825140CCEC02","https://github.com/gleiston-guerrero/SICST_ISR401/releases/download/evidencias-2B/evidencias_restringidas.7z","https://github.com/gleiston-guerrero/SICST_ISR401/releases/download/evidencias-2B/evidencias_restringidas.7z"
"EV2-PAC-07_Walktrough","Audio","EV2-PAC-07_Walktrough.mp3","02_Audios_Originales\EV2-PAC-07_Walktrough.mp3","189.264","mp3","","mp3","3028362","68BABBE359E854DF56D9729F94CEF0A905EDE52AD8C8445332E0903AA8B37F02","https://github.com/gleiston-guerrero/SICST_ISR401/releases/download/evidencias-2B/evidencias_restringidas.7z","https://github.com/gleiston-guerrero/SICST_ISR401/releases/download/evidencias-2B/evidencias_restringidas.7z"
"EV2-PAC-08_Entrevista","Audio","EV2-PAC-08_Entrevista.m4a","02_Audios_Originales\EV2-PAC-08_Entrevista.m4a","600.405","m4a","","aac","6154346","1B4428109CE710C79EFF5A0CF87A11036E6C542E2358D23415AC3B4B9E995E9F","https://github.com/gleiston-guerrero/SICST_ISR401/releases/download/evidencias-2B/evidencias_restringidas.7z","https://github.com/gleiston-guerrero/SICST_ISR401/releases/download/evidencias-2B/evidencias_restringidas.7z"
"EV2-PAC-09_Entrevista","Audio","EV2-PAC-09_Entrevista.m4a","02_Audios_Originales\EV2-PAC-09_Entrevista.m4a","456.597","m4a","","aac","4699552","6936C02F53AAAEEE8A48F4AE7D366A3002AF0A71DD07F4BB4B5FBDB2DEAE5858","https://github.com/gleiston-guerrero/SICST_ISR401/releases/download/evidencias-2B/evidencias_restringidas.7z","https://github.com/gleiston-guerrero/SICST_ISR401/releases/download/evidencias-2B/evidencias_restringidas.7z"
"EV2-PAC-09_Walktrough","Audio","EV2-PAC-09_Walktrough.mp3","02_Audios_Originales\EV2-PAC-09_Walktrough.mp3","486.936","mp3","","mp3","7791114","0262CB80BD4B2FB4578022FE75898E67AE1BD4FC5F505E56ABA9F0DBFB05D6F4","https://github.com/gleiston-guerrero/SICST_ISR401/releases/download/evidencias-2B/evidencias_restringidas.7z","https://github.com/gleiston-guerrero/SICST_ISR401/releases/download/evidencias-2B/evidencias_restringidas.7z"
"EVA2-PAC-10_Walkthrough","Audio","EVA2-PAC-10_Walkthrough.mp3","02_Audios_Originales\EVA2-PAC-10_Walkthrough.mp3","81.110","mp3","","mp3","1297911","7832A35928BA67ACFD0294BEF7CC9EA1E306D0AEE8F0E912E85AB931331F0AEF","https://github.com/gleiston-guerrero/SICST_ISR401/releases/download/evidencias-2B/evidencias_restringidas.7z","https://github.com/gleiston-guerrero/SICST_ISR401/releases/download/evidencias-2B/evidencias_restringidas.7z"
"EVA2-PAC-11_Walkthrough","Audio","EVA2-PAC-11_Walkthrough.mp3","02_Audios_Originales\EVA2-PAC-11_Walkthrough.mp3","218.358","mp3","","mp3","3493868","1A25E6A7B8A8DAC82A527EAAB0A50EB95ED0283B2C1F306EF0879B11036374DA","https://github.com/gleiston-guerrero/SICST_ISR401/releases/download/evidencias-2B/evidencias_restringidas.7z","https://github.com/gleiston-guerrero/SICST_ISR401/releases/download/evidencias-2B/evidencias_restringidas.7z"
"EVA2-PAC-13_Walkthrough","Audio","EVA2-PAC-13_Walkthrough.mp3","02_Audios_Originales\EVA2-PAC-13_Walkthrough.mp3","292.284","mp3","","mp3","4676693","11F041D4485E9583B2A2F74268B45E25F6C39E74239ABE79FA414F267DDCD19B","https://github.com/gleiston-guerrero/SICST_ISR401/releases/download/evidencias-2B/evidencias_restringidas.7z","https://github.com/gleiston-guerrero/SICST_ISR401/releases/download/evidencias-2B/evidencias_restringidas.7z"
"EVA2-PAC-14_Walkthrough","Audio","EVA2-PAC-14_Walkthrough.mp3","02_Audios_Originales\EVA2-PAC-14_Walkthrough.mp3","118.936","mp3","","mp3","1903116","32626E73C7745D008EC9CBED6199EB3597E371AC016231E1BE3B1EDE5EEA1CDE","https://github.com/gleiston-guerrero/SICST_ISR401/releases/download/evidencias-2B/evidencias_restringidas.7z","https://github.com/gleiston-guerrero/SICST_ISR401/releases/download/evidencias-2B/evidencias_restringidas.7z"
"FAM-01_Entrevista","Audio","FAM-01_Entrevista.mp3","02_Audios_Originales\FAM-01_Entrevista.mp3","874.032","mp3","","mp3","13984650","D3014B8057016ECEC4092E2D535DFA8A94A45114635DEBFE02962E02E08BA876","https://github.com/gleiston-guerrero/SICST_ISR401/releases/download/evidencias-2B/evidencias_restringidas.7z","https://github.com/gleiston-guerrero/SICST_ISR401/releases/download/evidencias-2B/evidencias_restringidas.7z"
"FAM-02_Entrevista","Audio","FAM-02_Entrevista.mp3","02_Audios_Originales\FAM-02_Entrevista.mp3","665.809","mp3","","mp3","10653081","CAC39A820E4F94779249F66A9FC6D3BF046964A3D7B87031C06130DC4E368277","https://github.com/gleiston-guerrero/SICST_ISR401/releases/download/evidencias-2B/evidencias_restringidas.7z","https://github.com/gleiston-guerrero/SICST_ISR401/releases/download/evidencias-2B/evidencias_restringidas.7z"
"FAM-03_Entrevista","Audio","FAM-03_Entrevista.mp3","02_Audios_Originales\FAM-03_Entrevista.mp3","785.124","mp3","","mp3","2355512","D352B7A1FDB0B04E7D205EA374E5F62502CD2092C8996EC7FB7A157158C7EC80","https://github.com/gleiston-guerrero/SICST_ISR401/releases/download/evidencias-2B/evidencias_restringidas.7z","https://github.com/gleiston-guerrero/SICST_ISR401/releases/download/evidencias-2B/evidencias_restringidas.7z"
"FAM-04_Entrevista","Audio","FAM-04_Entrevista.mp3","02_Audios_Originales\FAM-04_Entrevista.mp3","759.168","mp3","","mp3","5450720","06D2623BF6FC1DDD805B1833F05A3858C8022388A695FFA2B471B2F0EFD8FF60","https://github.com/gleiston-guerrero/SICST_ISR401/releases/download/evidencias-2B/evidencias_restringidas.7z","https://github.com/gleiston-guerrero/SICST_ISR401/releases/download/evidencias-2B/evidencias_restringidas.7z"
"FIS-01_Entrevista","Audio","FIS-01_Entrevista.mp3","02_Audios_Originales\FIS-01_Entrevista.mp3","432.984","mp3","","mp3","6927914","DB2762EA2B0A725C3AD3030D8243767BF1F89FC9F046AE0009C3A77369AA0CB6","https://github.com/gleiston-guerrero/SICST_ISR401/releases/download/evidencias-2B/evidencias_restringidas.7z","https://github.com/gleiston-guerrero/SICST_ISR401/releases/download/evidencias-2B/evidencias_restringidas.7z"
"WALK-NTEC-01_Entrevista","Audio","WALK-NTEC-01_Entrevista.mp3","02_Audios_Originales\WALK-NTEC-01_Entrevista.mp3","237.077","mp3","","mp3","3794250","CFED57E8330149F3CC3AF4FD013FF4B1C19ED24955DA4028F34FAC0FAE810477","https://github.com/gleiston-guerrero/SICST_ISR401/releases/download/evidencias-2B/evidencias_restringidas.7z","https://github.com/gleiston-guerrero/SICST_ISR401/releases/download/evidencias-2B/evidencias_restringidas.7z"
"WALK-NTEC-01_Walktrough","Audio","WALK-NTEC-01_Walktrough.mp3","02_Audios_Originales\WALK-NTEC-01_Walktrough.mp3","207.576","mp3","","mp3","3321354","F12469E5674CFFD28F59457FF76D388DE89B96E3A1D073780239AB7874A5E06D","https://github.com/gleiston-guerrero/SICST_ISR401/releases/download/evidencias-2B/evidencias_restringidas.7z","https://github.com/gleiston-guerrero/SICST_ISR401/releases/download/evidencias-2B/evidencias_restringidas.7z"
"WALK-TEC-01_Entrevista","Audio","WALK-TEC-01_Entrevista.mp3","02_Audios_Originales\WALK-TEC-01_Entrevista.mp3","1072.043","mp3","","mp3","17153610","8D8074415936D2208A3FA6D0D802D1E8886D1522671FF1B0D9E86737EE0C344D","https://github.com/gleiston-guerrero/SICST_ISR401/releases/download/evidencias-2B/evidencias_restringidas.7z","https://github.com/gleiston-guerrero/SICST_ISR401/releases/download/evidencias-2B/evidencias_restringidas.7z"
"WALK-TEC-01_Walkthrough","Audio","WALK-TEC-01_Walkthrough.mp3","02_Audios_Originales\WALK-TEC-01_Walkthrough.mp3","561.384","mp3","","mp3","8982282","7E54FDA97CD7D409D02ACC21D5B4DF4E6370615059CECB1E32B715F97CEFB4E6","https://github.com/gleiston-guerrero/SICST_ISR401/releases/download/evidencias-2B/evidencias_restringidas.7z","https://github.com/gleiston-guerrero/SICST_ISR401/releases/download/evidencias-2B/evidencias_restringidas.7z"
"Walkthrough_walk_TEC-02","Audio","Walkthrough_walk_TEC-02.mp3","02_Audios_Originales\Walkthrough_walk_TEC-02.mp3","239.544","mp3","","mp3","3832842","B699A882BED2FEDA83254A5091DA97754DC0B720BA2FE00EE813024633C66A52","https://github.com/gleiston-guerrero/SICST_ISR401/releases/download/evidencias-2B/evidencias_restringidas.7z","https://github.com/gleiston-guerrero/SICST_ISR401/releases/download/evidencias-2B/evidencias_restringidas.7z"
"EFT-01_Entrevista Parte 2","Video","EFT-01_Entrevista Parte 2.mp4","03_Videos_Originales\EFT-01_Entrevista Parte 2.mp4","478.720","mp4","h264","aac","10456477","44553CE65C69BDACF472B66248229D6CE4BF1FB88F5F03BABE115A7D602DDD70","https://github.com/gleiston-guerrero/SICST_ISR401/releases/download/evidencias-2B/evidencias_restringidas.7z","https://github.com/gleiston-guerrero/SICST_ISR401/releases/download/evidencias-2B/evidencias_restringidas.7z"
"EFT-01_Entrevista","Video","EFT-01_Entrevista.mp4","03_Videos_Originales\EFT-01_Entrevista.mp4","550.208","mp4","h264","aac","13610955","46FD750BE76043857EC02E8B58D3136551EC359BA6E4CF568FDDFE314CFF0325","https://github.com/gleiston-guerrero/SICST_ISR401/releases/download/evidencias-2B/evidencias_restringidas.7z","https://github.com/gleiston-guerrero/SICST_ISR401/releases/download/evidencias-2B/evidencias_restringidas.7z"
"EFT-02_Entrevista","Video","EFT-02_Entrevista.mp4","03_Videos_Originales\EFT-02_Entrevista.mp4","1047.240","mp4","h264","aac","23252894","220D4667B2A76E312928F6DD862DBE45C27F89F29A340B4F0E2A4E92583BBAB6","https://github.com/gleiston-guerrero/SICST_ISR401/releases/download/evidencias-2B/evidencias_restringidas.7z","https://github.com/gleiston-guerrero/SICST_ISR401/releases/download/evidencias-2B/evidencias_restringidas.7z"
"EFT-03_Entrevista","Video","EFT-03_Entrevista.mp4","03_Videos_Originales\EFT-03_Entrevista.mp4","838.848","mp4","h264","aac","14724093","FF0078D96F37568D44BE15FFEC568348E45058E2A763056DA3EA0CA73630BDB4","https://github.com/gleiston-guerrero/SICST_ISR401/releases/download/evidencias-2B/evidencias_restringidas.7z","https://github.com/gleiston-guerrero/SICST_ISR401/releases/download/evidencias-2B/evidencias_restringidas.7z"
"EV2-PAC-01_Entrevista","Video","EV2-PAC-01_Entrevista.mp4","03_Videos_Originales\EV2-PAC-01_Entrevista.mp4","285.916","mp4","h264","aac","61370351","D9080BFF56C21FB7BA5E1BD0485E05F5DFCF56602A5DFF882FD7CEF37CF7410F","https://github.com/gleiston-guerrero/SICST_ISR401/releases/download/evidencias-2B/evidencias_restringidas.7z","https://github.com/gleiston-guerrero/SICST_ISR401/releases/download/evidencias-2B/evidencias_restringidas.7z"
"EV2-PAC-01_Walktrough","Video","EV2-PAC-01_Walktrough.mp4","03_Videos_Originales\EV2-PAC-01_Walktrough.mp4","126.162","mp4","h264","aac","27088631","161FB39E995EED543A13F4FC56FB1AEC78875311BE930FB800F56CEC160995DE","https://github.com/gleiston-guerrero/SICST_ISR401/releases/download/evidencias-2B/evidencias_restringidas.7z","https://github.com/gleiston-guerrero/SICST_ISR401/releases/download/evidencias-2B/evidencias_restringidas.7z"
"EV2-PAC-03_Entrevista","Video","EV2-PAC-03_Entrevista.mp4","03_Videos_Originales\EV2-PAC-03_Entrevista.mp4","257.345","mp4","h264","aac","54294746","4E5A2F93E387CF9D45BCF31453190B1F4ED8B45B3436139B78CF6495D9D6EF34","https://github.com/gleiston-guerrero/SICST_ISR401/releases/download/evidencias-2B/evidencias_restringidas.7z","https://github.com/gleiston-guerrero/SICST_ISR401/releases/download/evidencias-2B/evidencias_restringidas.7z"
"EV2-PAC-03_Walkthrough","Video","EV2-PAC-03_Walkthrough.mp4","03_Videos_Originales\EV2-PAC-03_Walkthrough.mp4","207.116","mp4","h264","aac","44470938","65139870C71C1B8C1E05B95CEF4A725CB873FBCAF4AB6E33D7B147256E210401","https://github.com/gleiston-guerrero/SICST_ISR401/releases/download/evidencias-2B/evidencias_restringidas.7z","https://github.com/gleiston-guerrero/SICST_ISR401/releases/download/evidencias-2B/evidencias_restringidas.7z"
"EV2-PAC-04_Entrevista","Video","EV2-PAC-04_Entrevista.mp4","03_Videos_Originales\EV2-PAC-04_Entrevista.mp4","444.864","mp4","h264","aac","95316582","1AEC08F27A05E89A0D151486EF15602A3FD1FA5DE4D6733B42A4C1BF84C4CD7F","https://github.com/gleiston-guerrero/SICST_ISR401/releases/download/evidencias-2B/evidencias_restringidas.7z","https://github.com/gleiston-guerrero/SICST_ISR401/releases/download/evidencias-2B/evidencias_restringidas.7z"
"EV2-PAC-04_Walkthrough","Video","EV2-PAC-04_Walkthrough.mp4","03_Videos_Originales\EV2-PAC-04_Walkthrough.mp4","244.722","mp4","h264","aac","52393056","CB4F3271FED6983DF7CA3C76E05DFA3499895F168B7D49F5C8B3D4F8DCE1A4CE","https://github.com/gleiston-guerrero/SICST_ISR401/releases/download/evidencias-2B/evidencias_restringidas.7z","https://github.com/gleiston-guerrero/SICST_ISR401/releases/download/evidencias-2B/evidencias_restringidas.7z"
"EV2-PAC-05_Entrevista","Video","EV2-PAC-05_Entrevista.mp4","03_Videos_Originales\EV2-PAC-05_Entrevista.mp4","788.523","mp4","h264","aac","18178615","B17223B30B6A8C45CB0980EDB357A086AE796B97474A9DE828CE452C2CFD9D43","https://github.com/gleiston-guerrero/SICST_ISR401/releases/download/evidencias-2B/evidencias_restringidas.7z","https://github.com/gleiston-guerrero/SICST_ISR401/releases/download/evidencias-2B/evidencias_restringidas.7z"
"EV2-PAC-05_Walktrough","Video","EV2-PAC-05_Walktrough.mp4","03_Videos_Originales\EV2-PAC-05_Walktrough.mp4","263.360","mp4","h264","aac","8235128","80307BBDE93D7A46383B5D6BAD66FD55E1C4EDA08E3D22F810343C8018459C98","https://github.com/gleiston-guerrero/SICST_ISR401/releases/download/evidencias-2B/evidencias_restringidas.7z","https://github.com/gleiston-guerrero/SICST_ISR401/releases/download/evidencias-2B/evidencias_restringidas.7z"
"EV2-PAC-06_Entrevista","Video","EV2-PAC-06_Entrevista.mp4","03_Videos_Originales\EV2-PAC-06_Entrevista.mp4","735.080","mp4","h264","aac","18297522","FE8C1CE8DBABA64F3AD44CD10E39226E02606F9D0539CA6A962A2D3A6F6E9F09","https://github.com/gleiston-guerrero/SICST_ISR401/releases/download/evidencias-2B/evidencias_restringidas.7z","https://github.com/gleiston-guerrero/SICST_ISR401/releases/download/evidencias-2B/evidencias_restringidas.7z"
"EV2-PAC-06_Walktrough","Video","EV2-PAC-06_Walktrough.mp4","03_Videos_Originales\EV2-PAC-06_Walktrough.mp4","165.483","mp4","h264","aac","5172293","C03C949C8DE43EFCF5F932B5A2C8E521DF52B6A4EA4826C921A9399345141565","https://github.com/gleiston-guerrero/SICST_ISR401/releases/download/evidencias-2B/evidencias_restringidas.7z","https://github.com/gleiston-guerrero/SICST_ISR401/releases/download/evidencias-2B/evidencias_restringidas.7z"
"EV2-PAC-07_Entrevista","Video","EV2-PAC-07_Entrevista.mp4","03_Videos_Originales\EV2-PAC-07_Entrevista.mp4","565.760","mp4","h264","aac","13299198","B19A08C79069DDB4F0F120492A9D216C3D9B9E841DAF87263D222C79EB78CC99","https://github.com/gleiston-guerrero/SICST_ISR401/releases/download/evidencias-2B/evidencias_restringidas.7z","https://github.com/gleiston-guerrero/SICST_ISR401/releases/download/evidencias-2B/evidencias_restringidas.7z"
"EV2-PAC-07_Walktrough","Video","EV2-PAC-07_Walktrough.mp4","03_Videos_Originales\EV2-PAC-07_Walktrough.mp4","189.227","mp4","h264","aac","5032276","FF6F552EB07DC9C0334F9693198864E568950374528BE16A8F413B8C1684864B","https://github.com/gleiston-guerrero/SICST_ISR401/releases/download/evidencias-2B/evidencias_restringidas.7z","https://github.com/gleiston-guerrero/SICST_ISR401/releases/download/evidencias-2B/evidencias_restringidas.7z"
"EV2-PAC-08_Entrevista","Video","EV2-PAC-08_Entrevista.mp4","03_Videos_Originales\EV2-PAC-08_Entrevista.mp4","600.405","mp4","h264","aac","14891718","0F7DA0435E839C111BB764B710608AD6285C40D2855543C7FFAE537CF74D2A25","https://github.com/gleiston-guerrero/SICST_ISR401/releases/download/evidencias-2B/evidencias_restringidas.7z","https://github.com/gleiston-guerrero/SICST_ISR401/releases/download/evidencias-2B/evidencias_restringidas.7z"
"EV2-PAC-09_Entrevista","Video","EV2-PAC-09_Entrevista.mp4","03_Videos_Originales\EV2-PAC-09_Entrevista.mp4","456.600","mp4","h264","aac","10659881","88C84A003EE127120EDD7718C089DDA008587801E0F5BAB0B9A65B594D69E456","https://github.com/gleiston-guerrero/SICST_ISR401/releases/download/evidencias-2B/evidencias_restringidas.7z","https://github.com/gleiston-guerrero/SICST_ISR401/releases/download/evidencias-2B/evidencias_restringidas.7z"
"EV2-PAC-09_Walktrough","Video","EV2-PAC-09_Walktrough.mp4","03_Videos_Originales\EV2-PAC-09_Walktrough.mp4","486.891","mp4","h264","aac","14761964","74619EA603843451B6A61A83718A7052CD4F27C8FC2040B4AE2E64CA18B7186C","https://github.com/gleiston-guerrero/SICST_ISR401/releases/download/evidencias-2B/evidencias_restringidas.7z","https://github.com/gleiston-guerrero/SICST_ISR401/releases/download/evidencias-2B/evidencias_restringidas.7z"
"EVA2-PAC-10_Walkthrough","Video","EVA2-PAC-10_Walkthrough.mp4","03_Videos_Originales\EVA2-PAC-10_Walkthrough.mp4","81.064","mp4","h264","aac","9709818","42FB46D5464128E3EAAF50D2D8AA1104ADE394CB53A8083CB4A5E94CAF0CD1F4","https://github.com/gleiston-guerrero/SICST_ISR401/releases/download/evidencias-2B/evidencias_restringidas.7z","https://github.com/gleiston-guerrero/SICST_ISR401/releases/download/evidencias-2B/evidencias_restringidas.7z"
"EVA2-PAC-11_Walkthrough","Video","EVA2-PAC-11_Walkthrough.mp4","03_Videos_Originales\EVA2-PAC-11_Walkthrough.mp4","218.299","mp4","h264","aac","24708323","35DF1FCA003D5B9ABC520B0431F92C9EB3D4BF8B7376E79EC77B993D252F30C0","https://github.com/gleiston-guerrero/SICST_ISR401/releases/download/evidencias-2B/evidencias_restringidas.7z","https://github.com/gleiston-guerrero/SICST_ISR401/releases/download/evidencias-2B/evidencias_restringidas.7z"
"EVA2-PAC-13_Walkthrough","Video","EVA2-PAC-13_Walkthrough.mp4","03_Videos_Originales\EVA2-PAC-13_Walkthrough.mp4","292.294","mp4","h264","aac","7973543","A069A922D29990C95176A71874ED31A2F71FBB20B6915D1CB4A61070CB7157D2","https://github.com/gleiston-guerrero/SICST_ISR401/releases/download/evidencias-2B/evidencias_restringidas.7z","https://github.com/gleiston-guerrero/SICST_ISR401/releases/download/evidencias-2B/evidencias_restringidas.7z"
"EVA2-PAC-14_Walkthrough","Video","EVA2-PAC-14_Walkthrough.mp4","03_Videos_Originales\EVA2-PAC-14_Walkthrough.mp4","118.887","mp4","h264","aac","13355947","0CB685ADCC2EF108FB7125FF68F1484B08312A7118EF4C0F8A7A90C2DC391882","https://github.com/gleiston-guerrero/SICST_ISR401/releases/download/evidencias-2B/evidencias_restringidas.7z","https://github.com/gleiston-guerrero/SICST_ISR401/releases/download/evidencias-2B/evidencias_restringidas.7z"
"FAM-01_Entrevista","Video","FAM-01_Entrevista.mp4","03_Videos_Originales\FAM-01_Entrevista.mp4","874.040","mp4","h264","aac","15338017","C7C5796E322739E08BCEA4D9FF73703FF43F168C8A65FB4DE2F4CDF5B95B4218","https://github.com/gleiston-guerrero/SICST_ISR401/releases/download/evidencias-2B/evidencias_restringidas.7z","https://github.com/gleiston-guerrero/SICST_ISR401/releases/download/evidencias-2B/evidencias_restringidas.7z"
"FAM-02_Entrevista","Video","FAM-02_Entrevista.mp4","03_Videos_Originales\FAM-02_Entrevista.mp4","665.764","mp4","h264","aac","45986497","654D08C443F1EF7B1D8689312987937918C15246E208F87B00BF6DB1FC400462","https://github.com/gleiston-guerrero/SICST_ISR401/releases/download/evidencias-2B/evidencias_restringidas.7z","https://github.com/gleiston-guerrero/SICST_ISR401/releases/download/evidencias-2B/evidencias_restringidas.7z"
"FAM-03_Entrevista","Video","FAM-03_Entrevista.mp4","03_Videos_Originales\FAM-03_Entrevista.mp4","785.024","mp4","h264","aac","52716661","2CC31F4277C21CBA913D306E7A72D18FD50928BD8DEBDAE6BA11FEB010FBA97B","https://github.com/gleiston-guerrero/SICST_ISR401/releases/download/evidencias-2B/evidencias_restringidas.7z","https://github.com/gleiston-guerrero/SICST_ISR401/releases/download/evidencias-2B/evidencias_restringidas.7z"
"FAM-04_Entrevista","Video","FAM-04_Entrevista.mp4","03_Videos_Originales\FAM-04_Entrevista.mp4","759.168","mp4","h264","aac","82013302","938E01B431ABFF4908C7868CEB16ADA2E9AD13F723B810961A31694D8A8858E2","https://github.com/gleiston-guerrero/SICST_ISR401/releases/download/evidencias-2B/evidencias_restringidas.7z","https://github.com/gleiston-guerrero/SICST_ISR401/releases/download/evidencias-2B/evidencias_restringidas.7z"
"FIS-01_Entrevista","Video","FIS-01_Entrevista.mp4","03_Videos_Originales\FIS-01_Entrevista.mp4","432.960","mp4","h264","aac","24882811","56E0999F6504BB518A8222BDBDCFE34C82692D9A12B21122264FDC3940F80227","https://github.com/gleiston-guerrero/SICST_ISR401/releases/download/evidencias-2B/evidencias_restringidas.7z","https://github.com/gleiston-guerrero/SICST_ISR401/releases/download/evidencias-2B/evidencias_restringidas.7z"
"WALK-NTEC-01_Entrevista","Video","WALK-NTEC-01_Entrevista.mp4","03_Videos_Originales\WALK-NTEC-01_Entrevista.mp4","237.077","mp4","h264","aac","98028165","D1B2D8CB9A2DAC19A47B9D7B92CC53A8E3920E65543CC1F92830C74F6A3FE63B","https://github.com/gleiston-guerrero/SICST_ISR401/releases/download/evidencias-2B/evidencias_restringidas.7z","https://github.com/gleiston-guerrero/SICST_ISR401/releases/download/evidencias-2B/evidencias_restringidas.7z"
"WALK-NTEC-01_Walktrough","Video","WALK-NTEC-01_Walktrough.mp4","03_Videos_Originales\WALK-NTEC-01_Walktrough.mp4","207.572","mp4","h264","aac","85357253","3C667272020DAA545300C8D165EE6F902D3C19ACED2D9D8F01E504A03A463D51","https://github.com/gleiston-guerrero/SICST_ISR401/releases/download/evidencias-2B/evidencias_restringidas.7z","https://github.com/gleiston-guerrero/SICST_ISR401/releases/download/evidencias-2B/evidencias_restringidas.7z"
"WALK-TEC-01_Entrevista","Video","WALK-TEC-01_Entrevista.mp4","03_Videos_Originales\WALK-TEC-01_Entrevista.mp4","1072.080","mp4","h264","aac","30457531","A84EC2E91652511454F0852B3CFEF45B09953878701534057110F4A6FC709813","https://github.com/gleiston-guerrero/SICST_ISR401/releases/download/evidencias-2B/evidencias_restringidas.7z","https://github.com/gleiston-guerrero/SICST_ISR401/releases/download/evidencias-2B/evidencias_restringidas.7z"
"WALK-TEC-01_Preguntas_Adicionales_Entrevista","Video","WALK-TEC-01_Preguntas_Adicionales_Entrevista.mp4","03_Videos_Originales\WALK-TEC-01_Preguntas_Adicionales_Entrevista.mp4","546.539","mp4","h264","aac","16504454","292A969299B2243EF440746FA57D0EA828AD40E8CBF955999CF6501992BE3A9F","https://github.com/gleiston-guerrero/SICST_ISR401/releases/download/evidencias-2B/evidencias_restringidas.7z","https://github.com/gleiston-guerrero/SICST_ISR401/releases/download/evidencias-2B/evidencias_restringidas.7z"
"WALK-TEC-01_Walkthrough","Video","WALK-TEC-01_Walkthrough.mp4","03_Videos_Originales\WALK-TEC-01_Walkthrough.mp4","561.360","mp4","h264","aac","12700814","932E1506F70488FBD4E08EA3C75790CF0E742AFE47CD8A1EFE681A6AF15827F5","https://github.com/gleiston-guerrero/SICST_ISR401/releases/download/evidencias-2B/evidencias_restringidas.7z","https://github.com/gleiston-guerrero/SICST_ISR401/releases/download/evidencias-2B/evidencias_restringidas.7z"
"Walkthrough_walk_TEC-02","Video","Walkthrough_walk_TEC-02.mp4","03_Videos_Originales\Walkthrough_walk_TEC-02.mp4","239.509","mp4","h264","aac","5285575","EDF2CDAFC962C71E4CCAE452CDDA0AE3E57F703A2827EF5C61BB3605AE71DB75","https://github.com/gleiston-guerrero/SICST_ISR401/releases/download/evidencias-2B/evidencias_restringidas.7z","https://github.com/gleiston-guerrero/SICST_ISR401/releases/download/evidencias-2B/evidencias_restringidas.7z"
"F1_Member_Checking_2026-09-21","Audio","2026-09-21_F1_Member_Checking_SICST_EV2-PAC-05_EV2-PAC-06_FAM-02.mp3","02_Evidencias\Member_Checking\F1_2026-09-21\2026-09-21_F1_Member_Checking_SICST_EV2-PAC-05_EV2-PAC-06_FAM-02.mp3","996.000","mp3","","mp3","21388999","896BCFF21C54B04262F33643681C4EE2CA0DE8A8540A864E91BAA41887968EEE","https://github.com/gleiston-guerrero/SICST_ISR401/blob/main/02_Evidencias/Member_Checking/F1_2026-09-21/2026-09-21_F1_Member_Checking_SICST_EV2-PAC-05_EV2-PAC-06_FAM-02.mp3","https://github.com/gleiston-guerrero/SICST_ISR401/raw/refs/heads/main/02_Evidencias/Member_Checking/F1_2026-09-21/2026-09-21_F1_Member_Checking_SICST_EV2-PAC-05_EV2-PAC-06_FAM-02.mp3"
