codigo_participante,codigo_subtema,subtema,valor,cita_literal,archivo_fuente,criterio
EV2-PAC-01,SUB-01,Adherencia y recordatorios,1,"Algunas veces me olvido. O sea, me olvido de las veces que me olvido. Pero toca hacerlos.",02_Evidencias/Transcripciones/TRANSCRIPCIONES_EV2-PAC-01_Entrevista.txt,Respaldo literal suficiente según la definición vigente del libro de códigos.
EV2-PAC-01,SUB-02,Instrucciones y dosificación,1,"Algunas veces me olvido. O sea, me olvido de las veces que me olvido.",02_Evidencias/Transcripciones/TRANSCRIPCIONES_EV2-PAC-01_Entrevista.txt,Respaldo literal suficiente según la definición vigente del libro de códigos.
EV2-PAC-01,SUB-04,Supervisión y corrección de ejecución,1,"O sea, no es lo mismo que estar la licenciada a continuación de uno haciendo ejercicio.",02_Evidencias/Transcripciones/TRANSCRIPCIONES_EV2-PAC-01_Entrevista.txt,Respaldo literal suficiente según la definición vigente del libro de códigos.
EV2-PAC-01,SUB-05,Registro de dolor y fatiga,1,"El dolor, hermano.",02_Evidencias/Transcripciones/TRANSCRIPCIONES_EV2-PAC-01_Entrevista.txt,Respaldo literal suficiente según la definición vigente del libro de códigos.
EV2-PAC-01,SUB-06,Seguimiento del progreso,1,"Sí, siempre ha estado bien. Viendo que entre más tiempo, más mejor y así hay bastante.",02_Evidencias/Transcripciones/TRANSCRIPCIONES_EV2-PAC-01_Entrevista.txt,Respaldo literal suficiente según la definición vigente del libro de códigos.
EV2-PAC-01,SUB-07,Comunicación con fisioterapeuta,1,Tener un seguimiento como que el terapia le explique más o le lleve el seguimiento.,02_Evidencias/Transcripciones/TRANSCRIPCIONES_EV2-PAC-01_Entrevista.txt,Respaldo literal suficiente según la definición vigente del libro de códigos.
EV2-PAC-01,SUB-08,Privacidad de cámara y datos,1,Datos personales.,02_Evidencias/Transcripciones/TRANSCRIPCIONES_EV2-PAC-01_Entrevista.txt,Respaldo literal suficiente según la definición vigente del libro de códigos.
EV2-PAC-01,SUB-09,Acceso familiar autorizado,1,Familia y la persona que da las terapias.,02_Evidencias/Transcripciones/TRANSCRIPCIONES_EV2-PAC-01_Entrevista.txt,Respaldo literal suficiente según la definición vigente del libro de códigos.
EV2-PAC-03,SUB-01,Adherencia y recordatorios,1,"Bueno, a veces sí me olvidaba, no que me olvidaba sino que dijo era vaga para hacer.",02_Evidencias/Transcripciones/TRANSCRIPCIONES_EV2-PAC-03_Entrevista.txt,Respaldo literal suficiente según la definición vigente del libro de códigos.
EV2-PAC-03,SUB-02,Instrucciones y dosificación,1,"Repeticiones, por lo general, siempre ella dice 10 repeticiones y por qué siguió una media horita haciendo los ejercicios.",02_Evidencias/Transcripciones/TRANSCRIPCIONES_EV2-PAC-03_Entrevista.txt,Respaldo literal suficiente según la definición vigente del libro de códigos.
EV2-PAC-03,SUB-03,Apoyo audiovisual,1,"En este caso sería los videos, sería un apoyo importante.",02_Evidencias/Transcripciones/TRANSCRIPCIONES_EV2-PAC-03_Entrevista.txt,Respaldo literal suficiente según la definición vigente del libro de códigos.
EV2-PAC-03,SUB-05,Registro de dolor y fatiga,1,"siempre te decía ""dime qué intensidad del dolor"" entonces se ponían como decir del 1 al 10",02_Evidencias/Transcripciones/TRANSCRIPCIONES_EV2-PAC-03_Entrevista.txt,Respaldo literal suficiente según la definición vigente del libro de códigos.
EV2-PAC-03,SUB-06,Seguimiento del progreso,1,"Sí, porque me daba cuenta que sí estaba, dijo, por el que ya se menoran el dolor más que todo",02_Evidencias/Transcripciones/TRANSCRIPCIONES_EV2-PAC-03_Entrevista.txt,Respaldo literal suficiente según la definición vigente del libro de códigos.
EV2-PAC-03,SUB-07,Comunicación con fisioterapeuta,1,"una llamada telefónica, si le da un mensajito de cómo va avanzando. Creo que sería la comunicación.",02_Evidencias/Transcripciones/TRANSCRIPCIONES_EV2-PAC-03_Entrevista.txt,Respaldo literal suficiente según la definición vigente del libro de códigos.
EV2-PAC-03,SUB-08,Privacidad de cámara y datos,1,De pronto los datos personales.,02_Evidencias/Transcripciones/TRANSCRIPCIONES_EV2-PAC-03_Entrevista.txt,Respaldo literal suficiente según la definición vigente del libro de códigos.
EV2-PAC-03,SUB-09,Acceso familiar autorizado,1,Yo creo que las tres personas porque es importante que el familiar esté como va avanzando uno.,02_Evidencias/Transcripciones/TRANSCRIPCIONES_EV2-PAC-03_Entrevista.txt,Respaldo literal suficiente según la definición vigente del libro de códigos.
EV2-PAC-04,SUB-01,Adherencia y recordatorios,1,"Aquí en la casa yo la verdad que no lo hago bien, no lo hago completo.",02_Evidencias/Transcripciones/TRANSCRIPCIONES_EV2-PAC-04_Entrevista.txt,Respaldo literal suficiente según la definición vigente del libro de códigos.
EV2-PAC-04,SUB-04,Supervisión y corrección de ejecución,1,"Es que yo por eso ahorita mejor me voy allá, porque digo, allá ella está media hora conmigo",02_Evidencias/Transcripciones/TRANSCRIPCIONES_EV2-PAC-04_Entrevista.txt,Respaldo literal suficiente según la definición vigente del libro de códigos.
EV2-PAC-04,SUB-05,Registro de dolor y fatiga,1,"Bueno, ella sí me pregunta, ¿está cansada? Sí, está cansada.",02_Evidencias/Transcripciones/TRANSCRIPCIONES_EV2-PAC-04_Entrevista.txt,Respaldo literal suficiente según la definición vigente del libro de códigos.
EV2-PAC-05,SUB-01,Adherencia y recordatorios,1,Técnicamente sí me he olvidado de realizarlas en algún momento por el hecho de que la persona pasa en ocupada en un momento u otro y se los olvida.,02_Evidencias/Transcripciones/TRANSCRIPCIONES_EV2-PAC-05_Entrevista.txt,Respaldo literal suficiente según la definición vigente del libro de códigos.
EV2-PAC-05,SUB-02,Instrucciones y dosificación,1,Me recomendaron realizar lo de los pies por lo menos unos tres días a la semana y para lo de la espalda tanto al despertarme y al acostarme.,02_Evidencias/Transcripciones/TRANSCRIPCIONES_EV2-PAC-05_Entrevista.txt,Respaldo literal suficiente según la definición vigente del libro de códigos.
EV2-PAC-05,SUB-03,Apoyo audiovisual,1,Me ponía a buscar lo que iban a hacer videos por ahí en lo que iban a hacer en internet para poder recordar cuál ejercicio era,02_Evidencias/Transcripciones/TRANSCRIPCIONES_EV2-PAC-05_Entrevista.txt,Respaldo literal suficiente según la definición vigente del libro de códigos.
EV2-PAC-05,SUB-04,Supervisión y corrección de ejecución,1,"los ejercicios que los vaya revisando de forma correcta, de que los haga en el momento adecuado",02_Evidencias/Transcripciones/TRANSCRIPCIONES_EV2-PAC-05_Entrevista.txt,Respaldo literal suficiente según la definición vigente del libro de códigos.
EV2-PAC-05,SUB-05,Registro de dolor y fatiga,1,"El dolor y la dificultad, eso lo considero muy importante.",02_Evidencias/Transcripciones/TRANSCRIPCIONES_EV2-PAC-05_Entrevista.txt,Respaldo literal suficiente según la definición vigente del libro de códigos.
EV2-PAC-05,SUB-06,Seguimiento del progreso,1,El dato que me permitía eso era el de que por un tiempo el dolor había desaparecido,02_Evidencias/Transcripciones/TRANSCRIPCIONES_EV2-PAC-05_Entrevista.txt,Respaldo literal suficiente según la definición vigente del libro de códigos.
EV2-PAC-05,SUB-08,Privacidad de cámara y datos,1,"los videos, porque si se lleva un seguimiento a cabo no hay que mostrar a terceras personas",02_Evidencias/Transcripciones/TRANSCRIPCIONES_EV2-PAC-05_Entrevista.txt,Respaldo literal suficiente según la definición vigente del libro de códigos.
EV2-PAC-05,SUB-09,Acceso familiar autorizado,1,"ya si en caso lo autoriza el paciente un tercero que en el caso de un familiar puede ser la mamá, el papá o los hermanos.",02_Evidencias/Transcripciones/TRANSCRIPCIONES_EV2-PAC-05_Entrevista.txt,Respaldo literal suficiente según la definición vigente del libro de códigos.
EV2-PAC-05,SUB-13,Control profesional de las decisiones,1,"el fisioterapeuta para poder llevar un control, para ver si se aumentan más ejercicios o se disminuyen",02_Evidencias/Transcripciones/TRANSCRIPCIONES_EV2-PAC-05_Entrevista.txt,Respaldo literal suficiente según la definición vigente del libro de códigos.
EV2-PAC-06,SUB-01,Adherencia y recordatorios,1,Lo único que me salvaba en cumplir los ejercicios eran alarmas que yo ponía días antes,02_Evidencias/Transcripciones/TRANSCRIPCIONES_EV2-PAC-06_Entrevista.txt,Respaldo literal suficiente según la definición vigente del libro de códigos.
EV2-PAC-06,SUB-02,Instrucciones y dosificación,1,cada ejercicio tenía que ser una serie de 3 repeticiones 5 veces.,02_Evidencias/Transcripciones/TRANSCRIPCIONES_EV2-PAC-06_Entrevista.txt,Respaldo literal suficiente según la definición vigente del libro de códigos.
EV2-PAC-06,SUB-04,Supervisión y corrección de ejecución,1,Las primeras veces las hacía mal y me hacían doler más lo que es el lumbar.,02_Evidencias/Transcripciones/TRANSCRIPCIONES_EV2-PAC-06_Entrevista.txt,Respaldo literal suficiente según la definición vigente del libro de códigos.
EV2-PAC-06,SUB-05,Registro de dolor y fatiga,1,yo considero registrar el dolor y la dificultad porque ambas van a agarrar de la mano.,02_Evidencias/Transcripciones/TRANSCRIPCIONES_EV2-PAC-06_Entrevista.txt,Respaldo literal suficiente según la definición vigente del libro de códigos.
EV2-PAC-06,SUB-06,Seguimiento del progreso,1,"quisiera haber tenido un seguimiento para saber cuánto me fue mejorando, si me resultó la terapia o no.",02_Evidencias/Transcripciones/TRANSCRIPCIONES_EV2-PAC-06_Entrevista.txt,Respaldo literal suficiente según la definición vigente del libro de códigos.
EV2-PAC-06,SUB-08,Privacidad de cámara y datos,1,"que las imágenes se filtren, que la cámara se encienda cuando yo no la estoy autorizando",02_Evidencias/Transcripciones/TRANSCRIPCIONES_EV2-PAC-06_Entrevista.txt,Respaldo literal suficiente según la definición vigente del libro de códigos.
EV2-PAC-06,SUB-09,Acceso familiar autorizado,1,si sería menor de edad que un familiar está autorizado en ver mi seguimiento,02_Evidencias/Transcripciones/TRANSCRIPCIONES_EV2-PAC-06_Entrevista.txt,Respaldo literal suficiente según la definición vigente del libro de códigos.
EV2-PAC-06,SUB-13,Control profesional de las decisiones,1,"el fisioterapeuta para que él vea si es que el ejercicio ya no me está ayudando, me cambia con otros ejercicios",02_Evidencias/Transcripciones/TRANSCRIPCIONES_EV2-PAC-06_Entrevista.txt,Respaldo literal suficiente según la definición vigente del libro de códigos.
EV2-PAC-06,SUB-16,Priorización y frecuencia de avisos,1,que tenga una notificación que me indique tal hora ya tienes que hacer la rutina,02_Evidencias/Transcripciones/TRANSCRIPCIONES_EV2-PAC-06_Entrevista.txt,Respaldo literal suficiente según la definición vigente del libro de códigos.
EV2-PAC-07,SUB-01,Adherencia y recordatorios,1,"Me ayudaba en el calendario, el teléfono o el reloj deportivo.",02_Evidencias/Transcripciones/TRANSCRIPCIÓN EV2-PAC-07 Entrevista.txt,Respaldo literal suficiente según la definición vigente del libro de códigos.
EV2-PAC-07,SUB-02,Instrucciones y dosificación,1,"Él me explicaba la técnica, el tiempo y las repeticiones y el descanso, porque lógico tenía que tener un descanso.",02_Evidencias/Transcripciones/TRANSCRIPCIÓN EV2-PAC-07 Entrevista.txt,Respaldo literal suficiente según la definición vigente del libro de códigos.
EV2-PAC-07,SUB-03,Apoyo audiovisual,1,"En ocasiones me envía videos, pero quedaba mezclado con otros mensajes.",02_Evidencias/Transcripciones/TRANSCRIPCIÓN EV2-PAC-07 Entrevista.txt,Respaldo literal suficiente según la definición vigente del libro de códigos.
EV2-PAC-07,SUB-04,Supervisión y corrección de ejecución,1,Sin supervisión podía compensar el movimiento con la otra pierna o no darme cuenta de más,02_Evidencias/Transcripciones/TRANSCRIPCIÓN EV2-PAC-07 Entrevista.txt,Respaldo literal suficiente según la definición vigente del libro de códigos.
EV2-PAC-07,SUB-05,Registro de dolor y fatiga,1,"Registraría dolor, inflamación, rango de movimiento, estabilidad, tiempo de la rutina, los ejercicios completados y comentarios.",02_Evidencias/Transcripciones/TRANSCRIPCIÓN EV2-PAC-07 Entrevista.txt,Respaldo literal suficiente según la definición vigente del libro de códigos.
EV2-PAC-07,SUB-06,Seguimiento del progreso,1,"Me habría servido comparar el dolor, la estabilidad y el rango de movimiento semana a semana.",02_Evidencias/Transcripciones/TRANSCRIPCIÓN EV2-PAC-07 Entrevista.txt,Respaldo literal suficiente según la definición vigente del libro de códigos.
EV2-PAC-07,SUB-07,Comunicación con fisioterapeuta,1,"Podría mejorar la organización de las rutinas por fase, el intercambio de información con el fisioterapeuta",02_Evidencias/Transcripciones/TRANSCRIPCIÓN EV2-PAC-07 Entrevista.txt,Respaldo literal suficiente según la definición vigente del libro de códigos.
EV2-PAC-07,SUB-08,Privacidad de cámara y datos,1,También quisiera saber si la cámara analiza el movimiento en el dispositivo o si envía las imágenes a otro lugar.,02_Evidencias/Transcripciones/TRANSCRIPCIÓN EV2-PAC-07 Entrevista.txt,Respaldo literal suficiente según la definición vigente del libro de códigos.
EV2-PAC-07,SUB-09,Acceso familiar autorizado,1,"Un entrenador podría ver únicamente un resumen de actitud o restricciones, pero solo si yo lo autorizo.",02_Evidencias/Transcripciones/TRANSCRIPCIÓN EV2-PAC-07 Entrevista.txt,Respaldo literal suficiente según la definición vigente del libro de códigos.
EV2-PAC-07,SUB-10,Seguridad y señales de alarma,1,una alerta cuando reporte dolor por encima del límite indicado.,02_Evidencias/Transcripciones/TRANSCRIPCIÓN EV2-PAC-07 Entrevista.txt,Respaldo literal suficiente según la definición vigente del libro de códigos.
EV2-PAC-07,SUB-12,Organización centralizada,1,"no tenía un solo lugar donde relacionar el dolor, el tiempo y el ejercicio realizado.",02_Evidencias/Transcripciones/TRANSCRIPCIÓN EV2-PAC-07 Entrevista.txt,Respaldo literal suficiente según la definición vigente del libro de códigos.
EV2-PAC-07,SUB-13,Control profesional de las decisiones,1,el sistema debería permitir que el profesional revise los registros y ajuste el plan sin que la aplicación cambie el tratamiento por sí sola.,02_Evidencias/Transcripciones/TRANSCRIPCIÓN EV2-PAC-07 Entrevista.txt,Respaldo literal suficiente según la definición vigente del libro de códigos.
EV2-PAC-07,SUB-15,Vigencia y versiones de rutinas,1,Era difícil saber cuál correspondía a la rutina actual.,02_Evidencias/Transcripciones/TRANSCRIPCIÓN EV2-PAC-07 Entrevista.txt,Respaldo literal suficiente según la definición vigente del libro de códigos.
EV2-PAC-07,SUB-16,Priorización y frecuencia de avisos,1,una alerta cuando reporte dolor por encima del límite indicado.,02_Evidencias/Transcripciones/TRANSCRIPCIÓN EV2-PAC-07 Entrevista.txt,Respaldo literal suficiente según la definición vigente del libro de códigos.
EV2-PAC-08,SUB-01,Adherencia y recordatorios,1,me ayudaba a tener hojas impresas y colocar una alarma en el teléfono,02_Evidencias/Transcripciones/TRANSCRIPCIONES_EV2-PAC-08_Entrevista.txt,Respaldo literal suficiente según la definición vigente del libro de códigos.
EV2-PAC-08,SUB-02,Instrucciones y dosificación,1,se me olvidaban ejercicios sobre todo olvidarme de los días de los días repetitivos en los tiempos debido a sostener el brazo,02_Evidencias/Transcripciones/TRANSCRIPCIONES_EV2-PAC-08_Entrevista.txt,Respaldo literal suficiente según la definición vigente del libro de códigos.
EV2-PAC-08,SUB-03,Apoyo audiovisual,1,hubiese sido mejor si tenía tenía vídeos cortos vistos desde más de un ángulo,02_Evidencias/Transcripciones/TRANSCRIPCIONES_EV2-PAC-08_Entrevista.txt,Respaldo literal suficiente según la definición vigente del libro de códigos.
EV2-PAC-08,SUB-04,Supervisión y corrección de ejecución,1,la dificultad que eran saber si estaba usando la postura correcta,02_Evidencias/Transcripciones/TRANSCRIPCIONES_EV2-PAC-08_Entrevista.txt,Respaldo literal suficiente según la definición vigente del libro de códigos.
EV2-PAC-08,SUB-05,Registro de dolor y fatiga,1,necesitaría el nivel del dolor antes de antes y después la repetición es completa si sentí cansado,02_Evidencias/Transcripciones/TRANSCRIPCIONES_EV2-PAC-08_Entrevista.txt,Respaldo literal suficiente según la definición vigente del libro de códigos.
EV2-PAC-08,SUB-06,Seguimiento del progreso,1,no tenía una forma clara de ver si el movimiento del hombro estaba mejorando o semana a semana,02_Evidencias/Transcripciones/TRANSCRIPCIONES_EV2-PAC-08_Entrevista.txt,Respaldo literal suficiente según la definición vigente del libro de códigos.
EV2-PAC-08,SUB-07,Comunicación con fisioterapeuta,1,una opción para enviar una duda o un registro al terapeuta,02_Evidencias/Transcripciones/TRANSCRIPCIONES_EV2-PAC-08_Entrevista.txt,Respaldo literal suficiente según la definición vigente del libro de códigos.
EV2-PAC-08,SUB-08,Privacidad de cámara y datos,1,quisiera saber este de dónde se guardan los vídeos y quién puede verlos,02_Evidencias/Transcripciones/TRANSCRIPCIONES_EV2-PAC-08_Entrevista.txt,Respaldo literal suficiente según la definición vigente del libro de códigos.
EV2-PAC-08,SUB-09,Acceso familiar autorizado,1,una familia podría hacer unicamente si yo lo autorizo,02_Evidencias/Transcripciones/TRANSCRIPCIONES_EV2-PAC-08_Entrevista.txt,Respaldo literal suficiente según la definición vigente del libro de códigos.
EV2-PAC-08,SUB-10,Seguridad y señales de alarma,1,además de una explicación de qué molestias eran normales y qué momentos debía de tener,02_Evidencias/Transcripciones/TRANSCRIPCIONES_EV2-PAC-08_Entrevista.txt,Respaldo literal suficiente según la definición vigente del libro de códigos.
EV2-PAC-08,SUB-11,Accesibilidad y facilidad de uso,1,marcar un ejercicio como realizar sin buscar entre muchos menús,02_Evidencias/Transcripciones/TRANSCRIPCIONES_EV2-PAC-08_Entrevista.txt,Respaldo literal suficiente según la definición vigente del libro de códigos.
EV2-PAC-08,SUB-12,Organización centralizada,1,que todo el plan esté en un solo lugar,02_Evidencias/Transcripciones/TRANSCRIPCIONES_EV2-PAC-08_Entrevista.txt,Respaldo literal suficiente según la definición vigente del libro de códigos.
EV2-PAC-08,SUB-15,Vigencia y versiones de rutinas,1,cuando cambiaba la rutina también me confundía en los ejercicios anteriores con los nuevos,02_Evidencias/Transcripciones/TRANSCRIPCIONES_EV2-PAC-08_Entrevista.txt,Respaldo literal suficiente según la definición vigente del libro de códigos.
EV2-PAC-08,SUB-17,Revocación y gestión de permisos,1,debería poder quitarle el acceso cuando quiera,02_Evidencias/Transcripciones/TRANSCRIPCIONES_EV2-PAC-08_Entrevista.txt,Respaldo literal suficiente según la definición vigente del libro de códigos.
EV2-PAC-09,SUB-01,Adherencia y recordatorios,1,Mi hija me recordaba los horarios y anotaba en un calendario los días que cumplía.,02_Evidencias/Transcripciones/TRANSCRIPCIONES_EV2-PAC-09_Entrevista.txt,Respaldo literal suficiente según la definición vigente del libro de códigos.
EV2-PAC-09,SUB-02,Instrucciones y dosificación,1,"respetar el orden, descansar entre ejercicios y no continuar si sentí un dolor fuerte",02_Evidencias/Transcripciones/TRANSCRIPCIONES_EV2-PAC-09_Entrevista.txt,Respaldo literal suficiente según la definición vigente del libro de códigos.
EV2-PAC-09,SUB-03,Apoyo audiovisual,1,me hubiera ayudado a escuchar las instrucciones y ver imágenes grandes,02_Evidencias/Transcripciones/TRANSCRIPCIONES_EV2-PAC-09_Entrevista.txt,Respaldo literal suficiente según la definición vigente del libro de códigos.
EV2-PAC-09,SUB-04,Supervisión y corrección de ejecución,1,no podía comprobar con facilidad si estaba colocando bien el pie.,02_Evidencias/Transcripciones/TRANSCRIPCIONES_EV2-PAC-09_Entrevista.txt,Respaldo literal suficiente según la definición vigente del libro de códigos.
EV2-PAC-09,SUB-05,Registro de dolor y fatiga,1,"yo registraría el dolor, el cansancio, cuánto tiempo caminé",02_Evidencias/Transcripciones/TRANSCRIPCIONES_EV2-PAC-09_Entrevista.txt,Respaldo literal suficiente según la definición vigente del libro de códigos.
EV2-PAC-09,SUB-06,Seguimiento del progreso,1,"no tenía un registro de los minutos, la distancia o la ayuda que necesitaba cada semana.",02_Evidencias/Transcripciones/TRANSCRIPCIONES_EV2-PAC-09_Entrevista.txt,Respaldo literal suficiente según la definición vigente del libro de códigos.
EV2-PAC-09,SUB-07,Comunicación con fisioterapeuta,1,necesitaba saber con claridad cuándo un dolor era esperado y cuándo debía avisar el fisioterapeuta.,02_Evidencias/Transcripciones/TRANSCRIPCIONES_EV2-PAC-09_Entrevista.txt,Respaldo literal suficiente según la definición vigente del libro de códigos.
EV2-PAC-09,SUB-08,Privacidad de cámara y datos,1,me preocuparía que la cámara se encendiera sin avisar o que grabara otras personas.,02_Evidencias/Transcripciones/TRANSCRIPCIONES_EV2-PAC-09_Entrevista.txt,Respaldo literal suficiente según la definición vigente del libro de códigos.
EV2-PAC-09,SUB-09,Acceso familiar autorizado,1,"mi hija también porque me ayuda, pero solamente con mi autorización.",02_Evidencias/Transcripciones/TRANSCRIPCIONES_EV2-PAC-09_Entrevista.txt,Respaldo literal suficiente según la definición vigente del libro de códigos.
EV2-PAC-09,SUB-10,Seguridad y señales de alarma,1,no continuar si sentí un dolor fuerte o de pronto maría.,02_Evidencias/Transcripciones/TRANSCRIPCIONES_EV2-PAC-09_Entrevista.txt,Respaldo literal suficiente según la definición vigente del libro de códigos.
EV2-PAC-09,SUB-11,Accesibilidad y facilidad de uso,1,"serían útiles botones grandes, instrucciones con audio, recordatorios sencillos",02_Evidencias/Transcripciones/TRANSCRIPCIONES_EV2-PAC-09_Entrevista.txt,Respaldo literal suficiente según la definición vigente del libro de códigos.
EFT-01,SUB-01,Adherencia y recordatorios,1,"Otro problema es la constancia. Durante los primeros días puede cumplir todo, pero después puede comenzar a saltarse sesiones",02_Evidencias/Transcripciones/TRANSCRIPCIONES_EFT-01_Entrevista.txt,Respaldo literal suficiente según la definición vigente del libro de códigos.
EFT-01,SUB-02,Instrucciones y dosificación,1,También puede confundirse con las repeticiones y los descansos,02_Evidencias/Transcripciones/TRANSCRIPCIONES_EFT-01_Entrevista.txt,Respaldo literal suficiente según la definición vigente del libro de códigos.
EFT-01,SUB-03,Apoyo audiovisual,1,"Preferiría videos cortos, unos ejercicios con una explicación sencilla",02_Evidencias/Transcripciones/TRANSCRIPCIONES_EFT-01_Entrevista.txt,Respaldo literal suficiente según la definición vigente del libro de códigos.
EFT-01,SUB-04,Supervisión y corrección de ejecución,1,en casa no existe una corrección inmediata. El paciente puede creer que está haciendo bien el ejercicio,02_Evidencias/Transcripciones/TRANSCRIPCIONES_EFT-01_Entrevista.txt,Respaldo literal suficiente según la definición vigente del libro de códigos.
EFT-01,SUB-05,Registro de dolor y fatiga,1,"Añadiría dolor, fatiga y observación opcional.",02_Evidencias/Transcripciones/TRANSCRIPCIONES_EFT-01_Entrevista.txt,Respaldo literal suficiente según la definición vigente del libro de códigos.
EFT-01,SUB-06,Seguimiento del progreso,1,Vería primero un calendario de cumplimiento y después gráficos de dolor y fatiga.,02_Evidencias/Transcripciones/TRANSCRIPCIONES_EFT-01_Entrevista.txt,Respaldo literal suficiente según la definición vigente del libro de códigos.
EFT-01,SUB-07,Comunicación con fisioterapeuta,1,Complementaría eso con guías de ejercicios y comunicación.,02_Evidencias/Transcripciones/TRANSCRIPCIONES_EFT-01_Entrevista.txt,Respaldo literal suficiente según la definición vigente del libro de códigos.
EFT-01,SUB-08,Privacidad de cámara y datos,1,el paciente debería decidir cuándo comienza el análisis y debería existir una indicación visible mientras la cámara está activa.,02_Evidencias/Transcripciones/TRANSCRIPCIONES_EFT-01_Entrevista.txt,Respaldo literal suficiente según la definición vigente del libro de códigos.
EFT-01,SUB-09,Acceso familiar autorizado,1,"Si existe acceso a familiares, debería limitarse según la autorización.",02_Evidencias/Transcripciones/TRANSCRIPCIONES_EFT-01_Entrevista.txt,Respaldo literal suficiente según la definición vigente del libro de códigos.
EFT-01,SUB-10,Seguridad y señales de alarma,1,"Una alerta importante sería un aumento brusco de dolor, una caída, mareo, pérdida inesperada de la movilidad",02_Evidencias/Transcripciones/TRANSCRIPCIONES_EFT-01_Entrevista.txt,Respaldo literal suficiente según la definición vigente del libro de códigos.
EFT-01,SUB-11,Accesibilidad y facilidad de uso,1,Podría utilizarse botones o escalas rápidas y dejar el texto solamente para situaciones especiales.,02_Evidencias/Transcripciones/TRANSCRIPCIONES_EFT-01_Entrevista.txt,Respaldo literal suficiente según la definición vigente del libro de códigos.
EFT-01,SUB-12,Organización centralizada,1,Debería conectar el cumplimiento de síntomas y el progreso en un mismo lugar.,02_Evidencias/Transcripciones/TRANSCRIPCIONES_EFT-01_Entrevista.txt,Respaldo literal suficiente según la definición vigente del libro de códigos.
EFT-01,SUB-13,Control profesional de las decisiones,1,"Puede apoyar decisiones, pero no reemplazar la evaluación profesional.",02_Evidencias/Transcripciones/TRANSCRIPCIONES_EFT-01_Entrevista.txt,Respaldo literal suficiente según la definición vigente del libro de códigos.
EFT-01,SUB-14,Explicabilidad e incertidumbre,1,Yo exigiría que explique de dónde sale la recomendación y que el fisioterapeuta pueda ver los datos originales.,02_Evidencias/Transcripciones/TRANSCRIPCIONES_EFT-01_Entrevista.txt,Respaldo literal suficiente según la definición vigente del libro de códigos.
EFT-01,SUB-16,Priorización y frecuencia de avisos,1,Yo separaría las alertas de urgentes de avisos informativos.,02_Evidencias/Transcripciones/TRANSCRIPCIONES_EFT-01_Entrevista.txt,Respaldo literal suficiente según la definición vigente del libro de códigos.
EFT-01,SUB-17,Revocación y gestión de permisos,1,El usuario debería poder consultar con permisos sistemáticos y modificarlos.,02_Evidencias/Transcripciones/TRANSCRIPCIONES_EFT-01_Entrevista.txt,Respaldo literal suficiente según la definición vigente del libro de códigos.
EFT-02,SUB-01,Adherencia y recordatorios,1,un recordatorio puede ayudar a crear constancia que es lo más importante.,02_Evidencias/Transcripciones/TRANSCRIPCIONES_EFT-02_Entrevista.txt,Respaldo literal suficiente según la definición vigente del libro de códigos.
EFT-02,SUB-02,Instrucciones y dosificación,1,"se le puede olvidar detalles importantes como la postura, la cantidad de repeticiones, el tiempo de descanso o la velocidad correcta del movimiento.",02_Evidencias/Transcripciones/TRANSCRIPCIONES_EFT-02_Entrevista.txt,Respaldo literal suficiente según la definición vigente del libro de códigos.
EFT-02,SUB-03,Apoyo audiovisual,1,Un video corto permitiría volver a revisar el movimiento todas las veces que sea necesario.,02_Evidencias/Transcripciones/TRANSCRIPCIONES_EFT-02_Entrevista.txt,Respaldo literal suficiente según la definición vigente del libro de códigos.
EFT-02,SUB-04,Supervisión y corrección de ejecución,1,En casa no tiene a alguien que lo corrija en el momento,02_Evidencias/Transcripciones/TRANSCRIPCIONES_EFT-02_Entrevista.txt,Respaldo literal suficiente según la definición vigente del libro de códigos.
EFT-02,SUB-05,Registro de dolor y fatiga,1,También anotaría el nivel de dolor y cansancio antes y después,02_Evidencias/Transcripciones/TRANSCRIPCIONES_EFT-02_Entrevista.txt,Respaldo literal suficiente según la definición vigente del libro de códigos.
EFT-02,SUB-06,Seguimiento del progreso,1,Creo que sería útil mostrar gráficos semanales para identificar tendencias,02_Evidencias/Transcripciones/TRANSCRIPCIONES_EFT-02_Entrevista.txt,Respaldo literal suficiente según la definición vigente del libro de códigos.
EFT-02,SUB-07,Comunicación con fisioterapeuta,1,la alerta debería indicar qué ocurrió y cuándo para que el fisioterapeuta pueda decidir si debe contactar al paciente,02_Evidencias/Transcripciones/TRANSCRIPCIONES_EFT-02_Entrevista.txt,Respaldo literal suficiente según la definición vigente del libro de códigos.
EFT-02,SUB-08,Privacidad de cámara y datos,1,tendría que activarse solo cuando el paciente lo acepte y entienda para qué se utiliza.,02_Evidencias/Transcripciones/TRANSCRIPCIONES_EFT-02_Entrevista.txt,Respaldo literal suficiente según la definición vigente del libro de códigos.
EFT-02,SUB-09,Acceso familiar autorizado,1,"si autoriza un familiar, no necesariamente tendría que compartir todo, sino que sólo sea lo necesario para apoyarlo.",02_Evidencias/Transcripciones/TRANSCRIPCIONES_EFT-02_Entrevista.txt,Respaldo literal suficiente según la definición vigente del libro de códigos.
EFT-02,SUB-10,Seguridad y señales de alarma,1,Yo generaría una alerta cuando el paciente registre un dolor muy alto,02_Evidencias/Transcripciones/TRANSCRIPCIONES_EFT-02_Entrevista.txt,Respaldo literal suficiente según la definición vigente del libro de códigos.
EFT-02,SUB-11,Accesibilidad y facilidad de uso,1,También podría dar instrucciones simples sin demasiadas palabras técnicas,02_Evidencias/Transcripciones/TRANSCRIPCIONES_EFT-02_Entrevista.txt,Respaldo literal suficiente según la definición vigente del libro de códigos.
EFT-02,SUB-12,Organización centralizada,1,"la función indispensable sería el seguimiento de las rutinas junto con el registro de dolor, fatiga y el cumplimiento.",02_Evidencias/Transcripciones/TRANSCRIPCIONES_EFT-02_Entrevista.txt,Respaldo literal suficiente según la definición vigente del libro de códigos.
EFT-02,SUB-13,Control profesional de las decisiones,1,"yo lo usaría como apoyo para detectar problemas y organizar información, no como un reemplazo del fisioterapeuta.",02_Evidencias/Transcripciones/TRANSCRIPCIONES_EFT-02_Entrevista.txt,Respaldo literal suficiente según la definición vigente del libro de códigos.
EFT-02,SUB-14,Explicabilidad e incertidumbre,1,Lo importante es que el sistema explique por qué generó una recomendación,02_Evidencias/Transcripciones/TRANSCRIPCIONES_EFT-02_Entrevista.txt,Respaldo literal suficiente según la definición vigente del libro de códigos.
EFT-02,SUB-16,Priorización y frecuencia de avisos,1,Además no todas las alertas deberían tener el mismo nivel de urgencia.,02_Evidencias/Transcripciones/TRANSCRIPCIONES_EFT-02_Entrevista.txt,Respaldo literal suficiente según la definición vigente del libro de códigos.
EFT-02,SUB-17,Revocación y gestión de permisos,1,yo considero que es importante que exista una forma sencilla de retirar permiso.,02_Evidencias/Transcripciones/TRANSCRIPCIONES_EFT-02_Entrevista.txt,Respaldo literal suficiente según la definición vigente del libro de códigos.
EFT-03,SUB-01,Adherencia y recordatorios,1,Los recordatorios podrían incluir mensajes de progreso para mantener motivación,02_Evidencias/Transcripciones/TRANSCRIPCIONES_EFT-03_Entrevista.txt,Respaldo literal suficiente según la definición vigente del libro de códigos.
EFT-03,SUB-02,Instrucciones y dosificación,1,"puede equivocarse en la respiración, la velocidad de lo que hace o el orden de los ejercicios. También puede saltarse el calentamiento, reducir los descansos",02_Evidencias/Transcripciones/TRANSCRIPCIONES_EFT-03_Entrevista.txt,Respaldo literal suficiente según la definición vigente del libro de códigos.
EFT-03,SUB-03,Apoyo audiovisual,1,un video bien hecho puede reemplazar muchas implicaciones largas.,02_Evidencias/Transcripciones/TRANSCRIPCIONES_EFT-03_Entrevista.txt,Respaldo literal suficiente según la definición vigente del libro de códigos.
EFT-03,SUB-04,Supervisión y corrección de ejecución,1,cuando se cansa demasiado empieza a comenzar a realizar movimientos o reducir el control.,02_Evidencias/Transcripciones/TRANSCRIPCIONES_EFT-03_Entrevista.txt,Respaldo literal suficiente según la definición vigente del libro de códigos.
EFT-03,SUB-05,Registro de dolor y fatiga,1,"Tendría que registrar al paciente el cumplimiento, las repeticiones que hace, si siente algún dolor, la fatiga",02_Evidencias/Transcripciones/TRANSCRIPCIONES_EFT-03_Entrevista.txt,Respaldo literal suficiente según la definición vigente del libro de códigos.
EFT-03,SUB-06,Seguimiento del progreso,1,el profesional pudiera comparar semanas y filtrar por ejercicio.,02_Evidencias/Transcripciones/TRANSCRIPCIONES_EFT-03_Entrevista.txt,Respaldo literal suficiente según la definición vigente del libro de códigos.
EFT-03,SUB-07,Comunicación con fisioterapeuta,1,Yo elegiría una función de comunicación y seguimiento integrada.,02_Evidencias/Transcripciones/TRANSCRIPCIONES_EFT-03_Entrevista.txt,Respaldo literal suficiente según la definición vigente del libro de códigos.
EFT-03,SUB-08,Privacidad de cámara y datos,1,La persona debería activar la función voluntariamente y saber cuándo está funcionando.,02_Evidencias/Transcripciones/TRANSCRIPCIONES_EFT-03_Entrevista.txt,Respaldo literal suficiente según la definición vigente del libro de códigos.
EFT-03,SUB-09,Acceso familiar autorizado,1,un familiar solo lo autoriza,02_Evidencias/Transcripciones/TRANSCRIPCIONES_EFT-03_Entrevista.txt,Respaldo literal suficiente según la definición vigente del libro de códigos.
EFT-03,SUB-10,Seguridad y señales de alarma,1,"si presenta dolor intenso, si se llega a marear rápidamente, una dificultad respiratoria, una caída",02_Evidencias/Transcripciones/TRANSCRIPCIONES_EFT-03_Entrevista.txt,Respaldo literal suficiente según la definición vigente del libro de códigos.
EFT-03,SUB-11,Accesibilidad y facilidad de uso,1,"No haría un formulario demasiado largo, quizá una pantalla rápida terminal y una opción para agregar comentarios.",02_Evidencias/Transcripciones/TRANSCRIPCIONES_EFT-03_Entrevista.txt,Respaldo literal suficiente según la definición vigente del libro de códigos.
EFT-03,SUB-12,Organización centralizada,1,Yo elegiría una función de comunicación y seguimiento integrada.,02_Evidencias/Transcripciones/TRANSCRIPCIONES_EFT-03_Entrevista.txt,Respaldo literal suficiente según la definición vigente del libro de códigos.
EFT-03,SUB-13,Control profesional de las decisiones,1,nunca debería convertir una sugerencia en una orden clínica automática para el paciente.,02_Evidencias/Transcripciones/TRANSCRIPCIONES_EFT-03_Entrevista.txt,Respaldo literal suficiente según la definición vigente del libro de códigos.
EFT-03,SUB-14,Explicabilidad e incertidumbre,1,cada resultado debería incluir una explicación comprensible. ¿Qué datos utilizó? ¿Qué detectó? ¿Y qué nivel de confianza tiene?,02_Evidencias/Transcripciones/TRANSCRIPCIONES_EFT-03_Entrevista.txt,Respaldo literal suficiente según la definición vigente del libro de códigos.
EFT-03,SUB-16,Priorización y frecuencia de avisos,1,podría existir una notificación menos urgente cuando falte varias sesiones.,02_Evidencias/Transcripciones/TRANSCRIPCIONES_EFT-03_Entrevista.txt,Respaldo literal suficiente según la definición vigente del libro de códigos.
EFT-03,SUB-17,Revocación y gestión de permisos,1,Me parece útil que el paciente pueda revisar quién consultó su información y cuándo,02_Evidencias/Transcripciones/TRANSCRIPCIONES_EFT-03_Entrevista.txt,Respaldo literal suficiente según la definición vigente del libro de códigos.
FAM-01,SUB-01,Adherencia y recordatorios,1,Un recordatorio podría ayudar a mantener el hábito,02_Evidencias/Transcripciones/TRANSCRIPCIONES_FAM-01_Entrevista.txt,Respaldo literal suficiente según la definición vigente del libro de códigos.
FAM-01,SUB-02,Instrucciones y dosificación,1,"se confundían, sobre todo especialmente las repeticiones, los descansos o la posición exacta.",02_Evidencias/Transcripciones/TRANSCRIPCIONES_FAM-01_Entrevista.txt,Respaldo literal suficiente según la definición vigente del libro de códigos.
FAM-01,SUB-03,Apoyo audiovisual,1,"El video podría mostrar la posición correcta, la cantidad de repeticiones y algún error que tal vez se debe evitar.",02_Evidencias/Transcripciones/TRANSCRIPCIONES_FAM-01_Entrevista.txt,Respaldo literal suficiente según la definición vigente del libro de códigos.
FAM-01,SUB-04,Supervisión y corrección de ejecución,1,"no tengo conocimientos como para corregir una postura, decir si el movimiento está adecuado o no.",02_Evidencias/Transcripciones/TRANSCRIPCIONES_FAM-01_Entrevista.txt,Respaldo literal suficiente según la definición vigente del libro de códigos.
FAM-01,SUB-05,Registro de dolor y fatiga,1,"si el dolor es elevado, yo considero que la aplicación debería pedir que detenga el ejercicio",02_Evidencias/Transcripciones/TRANSCRIPCIONES_FAM-01_Entrevista.txt,Respaldo literal suficiente según la definición vigente del libro de códigos.
FAM-01,SUB-06,Seguimiento del progreso,1,"También podría ver una gráfica, una gráfica siempre del progreso",02_Evidencias/Transcripciones/TRANSCRIPCIONES_FAM-01_Entrevista.txt,Respaldo literal suficiente según la definición vigente del libro de códigos.
FAM-01,SUB-07,Comunicación con fisioterapeuta,1,después podría notificar al fisioterapeuta o indicar que se comunique con él.,02_Evidencias/Transcripciones/TRANSCRIPCIONES_FAM-01_Entrevista.txt,Respaldo literal suficiente según la definición vigente del libro de códigos.
FAM-01,SUB-08,Privacidad de cámara y datos,1,me preocuparía que la cámara permanezca grabando o que los videos se guarden sin necesidad.,02_Evidencias/Transcripciones/TRANSCRIPCIONES_FAM-01_Entrevista.txt,Respaldo literal suficiente según la definición vigente del libro de códigos.
FAM-01,SUB-09,Acceso familiar autorizado,1,"Sí, pero siempre dependiendo de lo que el paciente haya autorizado.",02_Evidencias/Transcripciones/TRANSCRIPCIONES_FAM-01_Entrevista.txt,Respaldo literal suficiente según la definición vigente del libro de códigos.
FAM-01,SUB-10,Seguridad y señales de alarma,1,"si el dolor es elevado, yo considero que la aplicación debería pedir que detenga el ejercicio y mostrar una advertencia clara",02_Evidencias/Transcripciones/TRANSCRIPCIONES_FAM-01_Entrevista.txt,Respaldo literal suficiente según la definición vigente del libro de códigos.
FAM-01,SUB-11,Accesibilidad y facilidad de uso,1,"Debería ser sencilla, clara, con letras grandes, botones visibles y pocas opciones en cada pantalla.",02_Evidencias/Transcripciones/TRANSCRIPCIONES_FAM-01_Entrevista.txt,Respaldo literal suficiente según la definición vigente del libro de códigos.
FAM-01,SUB-16,Priorización y frecuencia de avisos,1,No necesitaría recibir cada detalle del tratamiento. Las alertas deberían centrarse en situaciones donde realmente pueda ayudar.,02_Evidencias/Transcripciones/TRANSCRIPCIONES_FAM-01_Entrevista.txt,Respaldo literal suficiente según la definición vigente del libro de códigos.
FAM-01,SUB-17,Revocación y gestión de permisos,1,decidir qué puede ver y retirar el permiso cuando quiera.,02_Evidencias/Transcripciones/TRANSCRIPCIONES_FAM-01_Entrevista.txt,Respaldo literal suficiente según la definición vigente del libro de códigos.
FAM-02,SUB-01,Adherencia y recordatorios,1,sólo avisar al familiar si él pide ayuda o si deja pasar varias rutinas.,02_Evidencias/Transcripciones/TRANSCRIPCIONES_FAM-02_Entrevista.txt,Respaldo literal suficiente según la definición vigente del libro de códigos.
FAM-02,SUB-02,Instrucciones y dosificación,1,olvida si debía hacerlo una o dos veces al día o cuando descansa entre series.,02_Evidencias/Transcripciones/TRANSCRIPCIONES_FAM-02_Entrevista.txt,Respaldo literal suficiente según la definición vigente del libro de códigos.
FAM-02,SUB-03,Apoyo audiovisual,1,Él conserva fotos o notas anteriores,02_Evidencias/Transcripciones/TRANSCRIPCIONES_FAM-02_Entrevista.txt,Respaldo literal suficiente según la definición vigente del libro de códigos.
FAM-02,SUB-04,Supervisión y corrección de ejecución,1,una vez estaba levantando el brazo más de lo que le había indicado,02_Evidencias/Transcripciones/TRANSCRIPCIONES_FAM-02_Entrevista.txt,Respaldo literal suficiente según la definición vigente del libro de códigos.
FAM-02,SUB-06,Seguimiento del progreso,1,Me bastaría un resumen semanal con cuántas rutinas estaban programadas,02_Evidencias/Transcripciones/TRANSCRIPCIONES_FAM-02_Entrevista.txt,Respaldo literal suficiente según la definición vigente del libro de códigos.
FAM-02,SUB-07,Comunicación con fisioterapeuta,1,sería útil tener una forma clara de saber a quién consultar si una indicación no coincide con lo que recordamos.,02_Evidencias/Transcripciones/TRANSCRIPCIONES_FAM-02_Entrevista.txt,Respaldo literal suficiente según la definición vigente del libro de códigos.
FAM-02,SUB-08,Privacidad de cámara y datos,1,Preferiría que la cámara sólo se active cuando el paciente lo decida,02_Evidencias/Transcripciones/TRANSCRIPCIONES_FAM-02_Entrevista.txt,Respaldo literal suficiente según la definición vigente del libro de códigos.
FAM-02,SUB-09,Acceso familiar autorizado,1,el paciente llega al familiar y marque por separado qué puede ver,02_Evidencias/Transcripciones/TRANSCRIPCIONES_FAM-02_Entrevista.txt,Respaldo literal suficiente según la definición vigente del libro de códigos.
FAM-02,SUB-10,Seguridad y señales de alarma,1,"Una solicitud directa de ayuda, una caída, dos rutinas consecutivas sin realizar",02_Evidencias/Transcripciones/TRANSCRIPCIONES_FAM-02_Entrevista.txt,Respaldo literal suficiente según la definición vigente del libro de códigos.
FAM-02,SUB-11,Accesibilidad y facilidad de uso,1,Los botones deberían decir exactamente lo que hacen y que no dependen de símbolos difíciles de entender.,02_Evidencias/Transcripciones/TRANSCRIPCIONES_FAM-02_Entrevista.txt,Respaldo literal suficiente según la definición vigente del libro de códigos.
FAM-02,SUB-15,Vigencia y versiones de rutinas,1,"Debería mostrar una sola rutina como activa, indicar la fecha de la última modificación y marcar las anteriores como reemplazadas.",02_Evidencias/Transcripciones/TRANSCRIPCIONES_FAM-02_Entrevista.txt,Respaldo literal suficiente según la definición vigente del libro de códigos.
FAM-02,SUB-16,Priorización y frecuencia de avisos,1,no quisiera recibir un aviso por cada ejercicio.,02_Evidencias/Transcripciones/TRANSCRIPCIONES_FAM-02_Entrevista.txt,Respaldo literal suficiente según la definición vigente del libro de códigos.
FAM-02,SUB-17,Revocación y gestión de permisos,1,También sería útil poder poner una fecha de vencimiento al permiso en lugar de dejar el acceso abierto para siempre.,02_Evidencias/Transcripciones/TRANSCRIPCIONES_FAM-02_Entrevista.txt,Respaldo literal suficiente según la definición vigente del libro de códigos.
FAM-03,SUB-01,Adherencia y recordatorios,1,Principalmente lo que necesita es que le recuerden la hora,02_Evidencias/Transcripciones/TRANSCRIPCIONES_FAM-03_Entrevista.txt,Respaldo literal suficiente según la definición vigente del libro de códigos.
FAM-03,SUB-02,Instrucciones y dosificación,1,se confunden las series y repeticiones o no recuerdan un ejercicio.,02_Evidencias/Transcripciones/TRANSCRIPCIONES_FAM-03_Entrevista.txt,Respaldo literal suficiente según la definición vigente del libro de códigos.
FAM-03,SUB-03,Apoyo audiovisual,1,alguna manera o video en corto que muestre cómo se hacen.,02_Evidencias/Transcripciones/TRANSCRIPCIONES_FAM-03_Entrevista.txt,Respaldo literal suficiente según la definición vigente del libro de códigos.
FAM-03,SUB-04,Supervisión y corrección de ejecución,1,"recordaba el ejercicio, pero no la posición correcta de la pierna y lo estaba haciendo diferente.",02_Evidencias/Transcripciones/TRANSCRIPCIONES_FAM-03_Entrevista.txt,Respaldo literal suficiente según la definición vigente del libro de códigos.
FAM-03,SUB-05,Registro de dolor y fatiga,1,"Si registra un dolor fuerte, mucha fatiga o mareo",02_Evidencias/Transcripciones/TRANSCRIPCIONES_FAM-03_Entrevista.txt,Respaldo literal suficiente según la definición vigente del libro de códigos.
FAM-03,SUB-06,Seguimiento del progreso,1,un resumen sencillo del cumplimiento de los últimos días.,02_Evidencias/Transcripciones/TRANSCRIPCIONES_FAM-03_Entrevista.txt,Respaldo literal suficiente según la definición vigente del libro de códigos.
FAM-03,SUB-07,Comunicación con fisioterapeuta,1,saber a quién contactar.,02_Evidencias/Transcripciones/TRANSCRIPCIONES_FAM-03_Entrevista.txt,Respaldo literal suficiente según la definición vigente del libro de códigos.
FAM-03,SUB-08,Privacidad de cámara y datos,1,Me preocuparía que la cámara se active sin que el paciente se dé cuenta,02_Evidencias/Transcripciones/TRANSCRIPCIONES_FAM-03_Entrevista.txt,Respaldo literal suficiente según la definición vigente del libro de códigos.
FAM-03,SUB-09,Acceso familiar autorizado,1,El paciente debería recibir una solicitud clara donde se indique que el familiar tendrá acceso y exactamente qué información podrá ver.,02_Evidencias/Transcripciones/TRANSCRIPCIONES_FAM-03_Entrevista.txt,Respaldo literal suficiente según la definición vigente del libro de códigos.
FAM-03,SUB-10,Seguridad y señales de alarma,1,"dolor muy fuerte, una caída, mareo intenso, dificultad para respirar",02_Evidencias/Transcripciones/TRANSCRIPCIONES_FAM-03_Entrevista.txt,Respaldo literal suficiente según la definición vigente del libro de códigos.
FAM-03,SUB-11,Accesibilidad y facilidad de uso,1,letras grandes y botones claros.,02_Evidencias/Transcripciones/TRANSCRIPCIONES_FAM-03_Entrevista.txt,Respaldo literal suficiente según la definición vigente del libro de códigos.
FAM-03,SUB-16,Priorización y frecuencia de avisos,1,No quisiera recibir alerta por cosas pequeñas para que las importantes no se pierdan.,02_Evidencias/Transcripciones/TRANSCRIPCIONES_FAM-03_Entrevista.txt,Respaldo literal suficiente según la definición vigente del libro de códigos.
FAM-03,SUB-17,Revocación y gestión de permisos,1,Si el paciente se retira el permiso y el familiar debería dejar de ver la información de ese momento.,02_Evidencias/Transcripciones/TRANSCRIPCIONES_FAM-03_Entrevista.txt,Respaldo literal suficiente según la definición vigente del libro de códigos.
FAM-04,SUB-01,Adherencia y recordatorios,1,Mi hermano me ayudaba a organizar los horarios y yo marcaba cada rutina en una hoja pegada en la refrigeradora.,02_Evidencias/Transcripciones/TRANSCRIPCIONES_FAM-04_Entrevista.txt,Respaldo literal suficiente según la definición vigente del libro de códigos.
FAM-04,SUB-02,Instrucciones y dosificación,1,"Me mostraba la posición correcta, las repeticiones, cuánto tiempo mantener cada movimiento",02_Evidencias/Transcripciones/TRANSCRIPCIONES_FAM-04_Entrevista.txt,Respaldo literal suficiente según la definición vigente del libro de códigos.
FAM-04,SUB-03,Apoyo audiovisual,1,"Me servirían instrucciones por voz, letras grandes, una imagen por cada paso",02_Evidencias/Transcripciones/TRANSCRIPCIONES_FAM-04_Entrevista.txt,Respaldo literal suficiente según la definición vigente del libro de códigos.
FAM-04,SUB-04,Supervisión y corrección de ejecución,1,Me daba temor perder el equilibrio al realizar ejercicios de pie.,02_Evidencias/Transcripciones/TRANSCRIPCIONES_FAM-04_Entrevista.txt,Respaldo literal suficiente según la definición vigente del libro de códigos.
FAM-04,SUB-05,Registro de dolor y fatiga,1,"Registraría el dolor antes y después de la rutina, la inflamación",02_Evidencias/Transcripciones/TRANSCRIPCIONES_FAM-04_Entrevista.txt,Respaldo literal suficiente según la definición vigente del libro de códigos.
FAM-04,SUB-06,Seguimiento del progreso,1,"Habría sido útil comparar la flexión de la rodilla, el dolor y la distancia caminada durante varias semanas.",02_Evidencias/Transcripciones/TRANSCRIPCIONES_FAM-04_Entrevista.txt,Respaldo literal suficiente según la definición vigente del libro de códigos.
FAM-04,SUB-07,Comunicación con fisioterapeuta,1,permita informar dolor o inflamación sin esperar a la próxima cita. El fisioterapeuta debería responder,02_Evidencias/Transcripciones/TRANSCRIPCIONES_FAM-04_Entrevista.txt,Respaldo literal suficiente según la definición vigente del libro de códigos.
FAM-04,SUB-08,Privacidad de cámara y datos,1,"Quisiera poder elegir cuándo se activa, ver una señal clara mientras funciona y confirmar que el video no quede guardado sin mi permiso.",02_Evidencias/Transcripciones/TRANSCRIPCIONES_FAM-04_Entrevista.txt,Respaldo literal suficiente según la definición vigente del libro de códigos.
FAM-04,SUB-09,Acceso familiar autorizado,1,"Mi hermano podría recibir recordatorios y conocer si cumplí la rutina, pero no debería ver el diagnóstico completo ni los videos, a menos que yo lo autorice.",02_Evidencias/Transcripciones/TRANSCRIPCIONES_FAM-04_Entrevista.txt,Respaldo literal suficiente según la definición vigente del libro de códigos.
FAM-04,SUB-10,Seguridad y señales de alarma,1,mensajes que diferencien el dolor esperado de una señal de alerta.,02_Evidencias/Transcripciones/TRANSCRIPCIONES_FAM-04_Entrevista.txt,Respaldo literal suficiente según la definición vigente del libro de códigos.
FAM-04,SUB-11,Accesibilidad y facilidad de uso,1,"Debería poder abrir la rutina del día e iniciarla con un botón grande, en un máximo de dos acciones.",02_Evidencias/Transcripciones/TRANSCRIPCIONES_FAM-04_Entrevista.txt,Respaldo literal suficiente según la definición vigente del libro de códigos.
FAM-04,SUB-13,Control profesional de las decisiones,1,El fisioterapeuta debería responder o ajustar la rutina cuando considere necesario.,02_Evidencias/Transcripciones/TRANSCRIPCIONES_FAM-04_Entrevista.txt,Respaldo literal suficiente según la definición vigente del libro de códigos.
FAM-04,SUB-15,Vigencia y versiones de rutinas,1,Cuando cambiaron mi rutina continué dos días con la hoja anterior porque no entendí cuál era la vigente.,02_Evidencias/Transcripciones/TRANSCRIPCIONES_FAM-04_Entrevista.txt,Respaldo literal suficiente según la definición vigente del libro de códigos.
FAM-04,SUB-16,Priorización y frecuencia de avisos,1,Preferiría un aviso treinta minutos antes y otro solo si no he iniciado la sesión.,02_Evidencias/Transcripciones/TRANSCRIPCIONES_FAM-04_Entrevista.txt,Respaldo literal suficiente según la definición vigente del libro de códigos.
FAM-04,SUB-17,Revocación y gestión de permisos,1,Autorizaría a mi hermana mediante un código temporal y debería existir una opción sencilla para retirar ese permiso.,02_Evidencias/Transcripciones/TRANSCRIPCIONES_FAM-04_Entrevista.txt,Respaldo literal suficiente según la definición vigente del libro de códigos.
FIS-01,SUB-01,Adherencia y recordatorios,1,"ver qué cumplimiento va los ejercicios, si está cumpliendo o no.",02_Evidencias/Transcripciones/TRANSCRIPCIONES_FIS-01_Entrevista.txt,Respaldo literal suficiente según la definición vigente del libro de códigos.
FIS-01,SUB-02,Instrucciones y dosificación,1,"Sería una la duración que tenga este paciente, la frecuencia que va haciendo los ejercicios",02_Evidencias/Transcripciones/TRANSCRIPCIONES_FIS-01_Entrevista.txt,Respaldo literal suficiente según la definición vigente del libro de códigos.
FIS-01,SUB-04,Supervisión y corrección de ejecución,1,"Puede haber una postura incorrectas, desluxaciones, momentos incompletos también",02_Evidencias/Transcripciones/TRANSCRIPCIONES_FIS-01_Entrevista.txt,Respaldo literal suficiente según la definición vigente del libro de códigos.
FIS-01,SUB-05,Registro de dolor y fatiga,1,los niveles de esfuerzo que tenga el paciente. Como también el dolor se presenta,02_Evidencias/Transcripciones/TRANSCRIPCIONES_FIS-01_Entrevista.txt,Respaldo literal suficiente según la definición vigente del libro de códigos.
FIS-01,SUB-06,Seguimiento del progreso,1,"Primeramente, el progreso del paciente.",02_Evidencias/Transcripciones/TRANSCRIPCIONES_FIS-01_Entrevista.txt,Respaldo literal suficiente según la definición vigente del libro de códigos.
FIS-01,SUB-10,Seguridad y señales de alarma,1,ver si hay signos de alarma sobre este paciente.,02_Evidencias/Transcripciones/TRANSCRIPCIONES_FIS-01_Entrevista.txt,Respaldo literal suficiente según la definición vigente del libro de códigos.
WALK-NTEC-01,SUB-01,Adherencia y recordatorios,1,por lo general esto no siempre se olvida porque son algunos ejercicios que uno toma en sesión.,02_Evidencias/Transcripciones/TRANSCRIPCIONES_WALK-NTEC-01_Entrevista.txt,Respaldo literal suficiente según la definición vigente del libro de códigos.
WALK-NTEC-01,SUB-02,Instrucciones y dosificación,1,un guía explicativo de cómo realizar el ejercicio para uno acordarse de repeticiones y demás.,02_Evidencias/Transcripciones/TRANSCRIPCIONES_WALK-NTEC-01_Entrevista.txt,Respaldo literal suficiente según la definición vigente del libro de códigos.
WALK-NTEC-01,SUB-03,Apoyo audiovisual,1,Yo creo que un vídeo explicativo.,02_Evidencias/Transcripciones/TRANSCRIPCIONES_WALK-NTEC-01_Entrevista.txt,Respaldo literal suficiente según la definición vigente del libro de códigos.
WALK-NTEC-01,SUB-04,Supervisión y corrección de ejecución,1,Que falta la supervisión o la guía de recordar hacer el ejercicio.,02_Evidencias/Transcripciones/TRANSCRIPCIONES_WALK-NTEC-01_Entrevista.txt,Respaldo literal suficiente según la definición vigente del libro de códigos.
WALK-NTEC-01,SUB-05,Registro de dolor y fatiga,1,El dolor.,02_Evidencias/Transcripciones/TRANSCRIPCIONES_WALK-NTEC-01_Entrevista.txt,Respaldo literal suficiente según la definición vigente del libro de códigos.
WALK-NTEC-01,SUB-06,Seguimiento del progreso,1,el fisioterapeuta te manda un documento en cuál te va indicando los avances que tiene.,02_Evidencias/Transcripciones/TRANSCRIPCIONES_WALK-NTEC-01_Entrevista.txt,Respaldo literal suficiente según la definición vigente del libro de códigos.
WALK-NTEC-01,SUB-07,Comunicación con fisioterapeuta,1,Siempre estar pendiente o evaluar después de consulta cómo estuvo el paciente o cómo se sintió después de consulta del paciente.,02_Evidencias/Transcripciones/TRANSCRIPCIONES_WALK-NTEC-01_Entrevista.txt,Respaldo literal suficiente según la definición vigente del libro de códigos.
WALK-NTEC-01,SUB-08,Privacidad de cámara y datos,1,Yo creería que los datos en sí.,02_Evidencias/Transcripciones/TRANSCRIPCIONES_WALK-NTEC-01_Entrevista.txt,Respaldo literal suficiente según la definición vigente del libro de códigos.
WALK-NTEC-01,SUB-09,Acceso familiar autorizado,1,"Yo creo que las tres personas infectadas, el fisioterapeuta, mi persona y un familiar.",02_Evidencias/Transcripciones/TRANSCRIPCIONES_WALK-NTEC-01_Entrevista.txt,Respaldo literal suficiente según la definición vigente del libro de códigos.
WALK-TEC-01,SUB-01,Adherencia y recordatorios,1,"el paciente hace los ejercicios, pero los hace, digamos, de manera muy rápida o tal vez ni los hace.",02_Evidencias/Transcripciones/TRANSCRIPCIONES_WALK-TEC-01_Entrevista.txt,Respaldo literal suficiente según la definición vigente del libro de códigos.
WALK-TEC-01,SUB-02,Instrucciones y dosificación,1,"el paciente dice, no, es que yo me siento bien y te pone mucho peso o hace muchas repeticiones",02_Evidencias/Transcripciones/TRANSCRIPCIONES_WALK-TEC-01_Entrevista.txt,Respaldo literal suficiente según la definición vigente del libro de códigos.
WALK-TEC-01,SUB-03,Apoyo audiovisual,1,lo que yo hago es enviar un video para que el paciente se guía con este video de cómo debe realizar los ejercicios en casa.,02_Evidencias/Transcripciones/TRANSCRIPCIONES_WALK-TEC-01_Entrevista.txt,Respaldo literal suficiente según la definición vigente del libro de códigos.
WALK-TEC-01,SUB-04,Supervisión y corrección de ejecución,1,el paciente debería siempre tener una supervisión.,02_Evidencias/Transcripciones/TRANSCRIPCIONES_WALK-TEC-01_Entrevista.txt,Respaldo literal suficiente según la definición vigente del libro de códigos.
WALK-TEC-01,SUB-05,Registro de dolor y fatiga,1,la escala de esfuerzo percibido para saber qué tanto cansancio o fatiga siente el paciente.,02_Evidencias/Transcripciones/TRANSCRIPCIONES_WALK-TEC-01_Entrevista.txt,Respaldo literal suficiente según la definición vigente del libro de códigos.
WALK-TEC-01,SUB-06,Seguimiento del progreso,1,diariamente se debe tener conocimiento de cómo va avanzando el paciente,02_Evidencias/Transcripciones/TRANSCRIPCIONES_WALK-TEC-01_Entrevista.txt,Respaldo literal suficiente según la definición vigente del libro de códigos.
WALK-TEC-01,SUB-07,Comunicación con fisioterapeuta,1,"cuando el paciente ya no se encuentra en la terapia, lo que hacemos siempre es por whatsapp",02_Evidencias/Transcripciones/TRANSCRIPCIONES_WALK-TEC-01_Entrevista.txt,Respaldo literal suficiente según la definición vigente del libro de códigos.
WALK-TEC-01,SUB-10,Seguridad y señales de alarma,1,"los ejercicios de resistencia, es decir, los que ya incluyen peso, eh, sí son un poquito más complicados porque los mismos le pueden generar alguna lesión al paciente si no se lo dosifica bien",02_Evidencias/Transcripciones/TRANSCRIPCIONES_WALK-TEC-01_Entrevista_Parte2.txt,Respaldo literal suficiente según la definición vigente del libro de códigos.
WALK-TEC-01,SUB-11,Accesibilidad y facilidad de uso,1,Aquí se complica un poco en la cuestión del adulto mayor que muchas veces no maneja el celular o las tecnologías.,02_Evidencias/Transcripciones/TRANSCRIPCIONES_WALK-TEC-01_Entrevista.txt,Respaldo literal suficiente según la definición vigente del libro de códigos.
WALK-TEC-01,SUB-12,Organización centralizada,1,tengo una hoja ya de un formato en word y lo que hago es anotar toda la información en ese formato,02_Evidencias/Transcripciones/TRANSCRIPCIONES_WALK-TEC-01_Entrevista_Parte2.txt,Respaldo literal suficiente según la definición vigente del libro de códigos.
