archivo_origen,tipo,referencia,estado,resuelto_como
README.md,backtick_ruta,10_Autoria/declaracion_cambio_composicion_equipo.md,OK,10_Autoria/declaracion_cambio_composicion_equipo.md
README.md,backtick_ruta,01_ERS/,OK,01_ERS
README.md,backtick_ruta,02_Evidencias/,OK,02_Evidencias
README.md,backtick_ruta,02_Evidencias/00_Restringido/,OK,02_Evidencias/00_Restringido
README.md,backtick_ruta,04_Trazabilidad/,OK,04_Trazabilidad
README.md,backtick_ruta,03_Modelado/,OK,03_Modelado
README.md,backtick_ruta,05_MVP/,OK,05_MVP
README.md,backtick_ruta,06_Experimento/,OK,06_Experimento
README.md,backtick_ruta,06_Experimento/osf_deviations.pdf,OK,06_Experimento/osf_deviations.pdf
README.md,backtick_ruta,07_Publicacion/,OK,07_Publicacion
README.md,backtick_ruta,07_Publicacion/dataset_zenodo/,OK,07_Publicacion/dataset_zenodo
README.md,backtick_ruta,08_Etica/,OK,08_Etica
README.md,backtick_ruta,09_Defensa/,OK,09_Defensa
README.md,backtick_ruta,10_Autoria/declaracion_uso_ia.md,OK,10_Autoria/declaracion_uso_ia.md
README.md,backtick_ruta,10_Autoria/,OK,10_Autoria
README.md,backtick_ruta,07_Datos/,OK,07_Datos
CHANGELOG.md,backtick_ruta,10_Autoria/declaracion_cambio_composicion_equipo.md,OK,10_Autoria/declaracion_cambio_composicion_equipo.md
CHANGELOG.md,backtick_ruta,06_Experimento/osf_deviations.pdf,OK,06_Experimento/osf_deviations.pdf
CHANGELOG.md,backtick_ruta,06_Experimento/registro_previo/osf_registration.pdf,OK,06_Experimento/registro_previo/osf_registration.pdf
CHANGELOG.md,backtick_ruta,10_Autoria/,OK,10_Autoria
CHANGELOG.md,backtick_ruta,07_Datos/,OK,07_Datos
CHANGELOG.md,backtick_ruta,07_Datos/checksums_datos.sha256,OK,07_Datos/checksums_datos.sha256
CHANGELOG.md,backtick_ruta,04_Trazabilidad/README.md,OK,04_Trazabilidad/README.md
CHANGELOG.md,backtick_ruta,07_Datos/README_datos.md,OK,07_Datos/README_datos.md
CHANGELOG.md,backtick_ruta,07_Datos/manifiesto_datos.csv,OK,07_Datos/manifiesto_datos.csv
CHANGELOG.md,backtick_ruta,07_Datos/scripts/orquestar.py,OK,07_Datos/scripts/orquestar.py
07_Publicacion/manuscrito_final.tex,latex,figuras/figura_comparacion_pareada.png,OK,07_Publicacion/figuras/figura_comparacion_pareada.png
07_Publicacion/manuscrito_final.tex,latex,references,OK,07_Publicacion/references.bib
07_Publicacion/README_manuscrito.md,backtick_ruta,06_Experimento/,OK,06_Experimento
07_Publicacion/README_manuscrito.md,backtick_ruta,06_Experimento/prompts_llm/,OK,06_Experimento/prompts_llm
07_Publicacion/README_manuscrito.md,backtick_ruta,07_Publicacion/,OK,07_Publicacion
07_Publicacion/README.md,backtick_ruta,../06_Experimento/registro_previo/osf_registration.pdf,OK,06_Experimento/registro_previo/osf_registration.pdf
07_Publicacion/README.md,backtick_ruta,../06_Experimento/osf_deviations.pdf,OK,06_Experimento/osf_deviations.pdf
07_Publicacion/README.md,backtick_ruta,07_Publicacion/,OK,07_Publicacion
07_Publicacion/README.md,backtick_ruta,../06_Experimento/,OK,06_Experimento
07_Publicacion/README.md,backtick_ruta,../02_Evidencias/00_Restringido/,OK,02_Evidencias/00_Restringido
07_Publicacion/prompt_generacion_RF_llm.md,backtick_ruta,02_Evidencias/Transcripciones/,OK,02_Evidencias/Transcripciones
08_Etica/README.md,markdown,declaracion_desviacion_etica.md,OK,08_Etica/declaracion_desviacion_etica.md
08_Etica/README.md,backtick_ruta,08_Etica/,OK,08_Etica
08_Etica/README.md,backtick_ruta,08_Etica/declaracion_desviacion_etica.md,OK,08_Etica/declaracion_desviacion_etica.md
04_Trazabilidad/README.md,backtick_ruta,01_ERS/componentes_IA/requisitos_no_funcionales_ia.csv,OK,01_ERS/componentes_IA/requisitos_no_funcionales_ia.csv
04_Trazabilidad/README.md,backtick_ruta,01_ERS/componentes_IA/,OK,01_ERS/componentes_IA
04_Trazabilidad/README.md,backtick_ruta,04_Trazabilidad/Matriz_Trazabilidad_Final.csv,OK,04_Trazabilidad/Matriz_Trazabilidad_Final.csv
04_Trazabilidad/README.md,backtick_ruta,04_Trazabilidad/priorizacion_moscow_kano.csv,OK,04_Trazabilidad/priorizacion_moscow_kano.csv
07_Datos/desviaciones.md,backtick_ruta,07_Datos/datos_crudos/respuestas_cuestionario_2B.csv,OK,07_Datos/datos_crudos/respuestas_cuestionario_2B.csv
07_Datos/desviaciones.md,backtick_ruta,07_Datos/scripts/,OK,07_Datos/scripts
07_Datos/README_datos.md,backtick_ruta,07_Datos/datos_crudos/respuestas_cuestionario_2B.csv,OK,07_Datos/datos_crudos/respuestas_cuestionario_2B.csv
07_Datos/README_datos.md,backtick_ruta,07_Datos/resultados/acuerdo_codificadores.csv,OK,07_Datos/resultados/acuerdo_codificadores.csv
07_Datos/README_datos.md,backtick_ruta,07_Datos/resultados/saturacion_tematica.csv,OK,07_Datos/resultados/saturacion_tematica.csv
07_Datos/README_datos.md,backtick_ruta,07_Datos/diccionario_datos.csv,OK,07_Datos/diccionario_datos.csv
07_Datos/README_datos.md,backtick_ruta,07_Datos/manifiesto_datos.csv,OK,07_Datos/manifiesto_datos.csv
07_Datos/README_datos.md,backtick_ruta,07_Datos/,OK,07_Datos
07_Datos/README_datos.md,backtick_ruta,07_Datos/checksums_datos.sha256,OK,07_Datos/checksums_datos.sha256
07_Datos/registro_correcciones.md,backtick_ruta,06_Experimento/README.md,OK,06_Experimento/README.md
07_Datos/registro_correcciones.md,backtick_ruta,06_Experimento/registro_previo/README.md,OK,06_Experimento/registro_previo/README.md
07_Datos/registro_correcciones.md,backtick_ruta,06_Experimento/repeticion_A4/,OK,06_Experimento/repeticion_A4
07_Datos/registro_correcciones.md,backtick_ruta,06_Experimento/repeticion_A4/evidencia_sesiones/,OK,06_Experimento/repeticion_A4/evidencia_sesiones
07_Datos/registro_correcciones.md,backtick_ruta,06_Experimento/repeticion_A4/analisis/analisis_A5.py,OK,06_Experimento/repeticion_A4/analisis/analisis_A5.py
07_Datos/registro_correcciones.md,backtick_ruta,06_Experimento/repeticion_A4/analisis/resultados_fiabilidad_A5.csv,OK,06_Experimento/repeticion_A4/analisis/resultados_fiabilidad_A5.csv
07_Datos/registro_correcciones.md,backtick_ruta,06_Experimento/repeticion_A4/analisis/resultado_A5.md,OK,06_Experimento/repeticion_A4/analisis/resultado_A5.md
07_Datos/registro_correcciones.md,backtick_ruta,06_Experimento/prompts_llm/prompt_generacion_RF_llm.md,OK,06_Experimento/prompts_llm/prompt_generacion_RF_llm.md
07_Datos/registro_correcciones.md,backtick_ruta,06_Experimento/instrumentos/rubrica_evaluacion_requisitos.md,OK,06_Experimento/instrumentos/rubrica_evaluacion_requisitos.md
07_Datos/registro_correcciones.md,backtick_ruta,06_Experimento/instrumentos/README.md,OK,06_Experimento/instrumentos/README.md
07_Datos/registro_correcciones.md,backtick_ruta,02_Evidencias/Transcripciones/TRANSCRIPCIONES_FAM-04_Entrevista.txt,OK,02_Evidencias/Transcripciones/TRANSCRIPCIONES_FAM-04_Entrevista.txt
07_Datos/registro_correcciones.md,backtick_ruta,07_Publicacion/transcripciones/TRANSCRIPCIONES_FAM-04_Entrevista.txt,OK,07_Publicacion/transcripciones/TRANSCRIPCIONES_FAM-04_Entrevista.txt
07_Datos/registro_correcciones.md,backtick_ruta,02_Evidencias/elegibilidad.csv,OK,02_Evidencias/elegibilidad.csv
07_Datos/registro_correcciones.md,backtick_ruta,02_Evidencias/Consentimientos/,OK,02_Evidencias/Consentimientos
07_Datos/registro_correcciones.md,backtick_ruta,02_Evidencias/Fichas tecnicas/fichas_tecnicas.csv,OK,02_Evidencias/Fichas tecnicas/fichas_tecnicas.csv
07_Datos/registro_correcciones.md,backtick_ruta,02_Evidencias/Transcripciones/README.md,OK,02_Evidencias/Transcripciones/README.md
07_Datos/registro_correcciones.md,backtick_ruta,02_Evidencias/Fichas tecnicas/duraciones_reales_ffprobe.csv,OK,02_Evidencias/Fichas tecnicas/duraciones_reales_ffprobe.csv
07_Datos/registro_correcciones.md,backtick_ruta,02_Evidencias/exclusiones_corpus.md,OK,02_Evidencias/exclusiones_corpus.md
07_Datos/registro_correcciones.md,backtick_ruta,10_Autoria/declaracion_cambio_composicion_equipo.md,OK,10_Autoria/declaracion_cambio_composicion_equipo.md
07_Datos/registro_correcciones.md,backtick_ruta,02_Evidencias/Codificacion_Tematica/README.md,OK,02_Evidencias/Codificacion_Tematica/README.md
07_Datos/registro_correcciones.md,backtick_ruta,10_Autoria/doble_codificacion/,OK,10_Autoria/doble_codificacion
07_Datos/registro_correcciones.md,backtick_ruta,02_Evidencias/Codificacion_Tematica/generar_curva_saturacion.py,OK,02_Evidencias/Codificacion_Tematica/generar_curva_saturacion.py
07_Datos/registro_correcciones.md,backtick_ruta,02_Evidencias/Codificacion_Tematica/saturacion_actualizada.csv,OK,02_Evidencias/Codificacion_Tematica/saturacion_actualizada.csv
07_Datos/registro_correcciones.md,backtick_ruta,02_Evidencias/Codificacion_Tematica/curva_saturacion_SICST.png,OK,02_Evidencias/Codificacion_Tematica/curva_saturacion_SICST.png
07_Datos/registro_correcciones.md,backtick_ruta,02_Evidencias/Codificacion_Tematica/historial_libro_codigos.md,OK,02_Evidencias/Codificacion_Tematica/historial_libro_codigos.md
07_Datos/registro_correcciones.md,backtick_ruta,04_Trazabilidad/,OK,04_Trazabilidad
07_Datos/registro_correcciones.md,backtick_ruta,01_ERS/,OK,01_ERS
07_Datos/registro_correcciones.md,backtick_ruta,01_ERS/README.md,OK,01_ERS/README.md
07_Datos/registro_correcciones.md,backtick_ruta,05_MVP/README.md,OK,05_MVP/README.md
07_Datos/registro_correcciones.md,backtick_ruta,01_ERS/ERS_SRS_2B_v2.0.tex,OK,01_ERS/ERS_SRS_2B_v2.0.tex
07_Datos/registro_correcciones.md,backtick_ruta,01_ERS/ERS_SRS_2B_v2.0.pdf,OK,01_ERS/ERS_SRS_2B_v2.0.pdf
07_Datos/registro_correcciones.md,backtick_ruta,08_Etica/declaracion_desviacion_etica.md,OK,08_Etica/declaracion_desviacion_etica.md
07_Datos/registro_correcciones.md,backtick_ruta,08_Etica/README.md,OK,08_Etica/README.md
07_Datos/registro_correcciones.md,backtick_ruta,02_Evidencias/Documentos_Organizacion/,OK,02_Evidencias/Documentos_Organizacion
07_Datos/registro_correcciones.md,backtick_ruta,02_Evidencias/Documentos_Organizacion/README.md,OK,02_Evidencias/Documentos_Organizacion/README.md
07_Datos/registro_correcciones.md,backtick_ruta,10_Autoria/declaracion_uso_ia.md,OK,10_Autoria/declaracion_uso_ia.md
07_Datos/registro_correcciones.md,backtick_ruta,10_Autoria/declaracion_uso_ia.docx,OK,10_Autoria/declaracion_uso_ia.docx
07_Datos/registro_correcciones.md,backtick_ruta,07_Datos/requirements.txt,OK,07_Datos/requirements.txt
06_Experimento/README.md,backtick_ruta,06_Experimento/repeticion_A4/,OK,06_Experimento/repeticion_A4
06_Experimento/README.md,backtick_ruta,06_Experimento/resultados/,OK,06_Experimento/resultados
06_Experimento/README.md,backtick_ruta,06_Experimento/repeticion_A4/evaluaciones_completadas/,OK,06_Experimento/repeticion_A4/evaluaciones_completadas
06_Experimento/README.md,backtick_ruta,06_Experimento/repeticion_A4/analisis/,OK,06_Experimento/repeticion_A4/analisis
10_Autoria/retrospectiva_equipo.md,backtick_ruta,07_Datos/,OK,07_Datos
10_Autoria/retrospectiva_equipo.md,backtick_ruta,10_Autoria/,OK,10_Autoria
10_Autoria/README.md,markdown,declaracion_cambio_composicion_equipo.md,OK,10_Autoria/declaracion_cambio_composicion_equipo.md
10_Autoria/README.md,markdown,declaracion_cambio_composicion_equipo.pdf,OK,10_Autoria/declaracion_cambio_composicion_equipo.pdf
10_Autoria/README.md,markdown,aporte_individual.md,OK,10_Autoria/aporte_individual.md
10_Autoria/README.md,markdown,declaracion_uso_ia.md,OK,10_Autoria/declaracion_uso_ia.md
10_Autoria/README.md,markdown,bitácora_sesiones/bitacora_sesiones.csv,OK,10_Autoria/bitácora_sesiones/bitacora_sesiones.csv
10_Autoria/README.md,markdown,bitácora_sesiones/bitacora_elicitacion.csv,OK,10_Autoria/bitácora_sesiones/bitacora_elicitacion.csv
10_Autoria/README.md,markdown,capturas/,OK,10_Autoria/capturas
10_Autoria/README.md,markdown,correspondencia/,OK,10_Autoria/correspondencia
10_Autoria/README.md,markdown,doble_codificacion/,OK,10_Autoria/doble_codificacion
10_Autoria/README.md,markdown,fotos_equipo/,OK,10_Autoria/fotos_equipo
10_Autoria/README.md,markdown,fuentes_editables/,OK,10_Autoria/fuentes_editables
10_Autoria/README.md,markdown,grabaciones/,OK,10_Autoria/grabaciones
10_Autoria/README.md,markdown,inventario_exif/,OK,10_Autoria/inventario_exif
10_Autoria/README.md,markdown,notas_campo/,OK,10_Autoria/notas_campo
10_Autoria/README.md,markdown,verificacion_previa/,OK,10_Autoria/verificacion_previa
10_Autoria/README.md,markdown,retrospectiva_equipo.md,OK,10_Autoria/retrospectiva_equipo.md
10_Autoria/README.md,markdown,grabaciones/README.md,OK,10_Autoria/grabaciones/README.md
10_Autoria/README.md,markdown,bitácora_sesiones/,OK,10_Autoria/bitácora_sesiones
10_Autoria/README.md,markdown,inventario_exif/inventario_exif.csv,OK,10_Autoria/inventario_exif/inventario_exif.csv
10_Autoria/README.md,markdown,verificacion_previa/verificacion_previa.md,OK,10_Autoria/verificacion_previa/verificacion_previa.md
10_Autoria/README.md,backtick_ruta,10_Autoria/,OK,10_Autoria
10_Autoria/declaracion_uso_ia.md,backtick_ruta,10_Autoria/fuentes_editables/,OK,10_Autoria/fuentes_editables
10_Autoria/declaracion_uso_ia.md,backtick_ruta,05_MVP/README.md,OK,05_MVP/README.md
10_Autoria/declaracion_cambio_composicion_equipo.md,backtick_ruta,10_Autoria/,OK,10_Autoria
10_Autoria/declaracion_cambio_composicion_equipo.md,backtick_ruta,10_Autoria/declaracion_cambio_composicion_equipo.pdf,OK,10_Autoria/declaracion_cambio_composicion_equipo.pdf
10_Autoria/aporte_individual.md,backtick_ruta,10_Autoria/,OK,10_Autoria
10_Autoria/aporte_individual.md,backtick_ruta,10_Autoria/declaracion_cambio_composicion_equipo.md,OK,10_Autoria/declaracion_cambio_composicion_equipo.md
10_Autoria/aporte_individual.md,backtick_ruta,10_Autoria/declaracion_cambio_composicion_equipo.pdf,OK,10_Autoria/declaracion_cambio_composicion_equipo.pdf
10_Autoria/aporte_individual.md,backtick_ruta,07_Datos/,OK,07_Datos
10_Autoria/aporte_individual.md,backtick_ruta,07_Publicacion/,OK,07_Publicacion
10_Autoria/aporte_individual.md,backtick_ruta,10_Autoria/fuentes_editables/,OK,10_Autoria/fuentes_editables
10_Autoria/aporte_individual.md,backtick_ruta,10_Autoria/grabaciones/,OK,10_Autoria/grabaciones
02_Evidencias/exclusiones_corpus.md,backtick_ruta,10_Autoria/declaracion_cambio_composicion_equipo.md,OK,10_Autoria/declaracion_cambio_composicion_equipo.md
02_Evidencias/exclusiones_corpus.md,backtick_ruta,07_Datos/registro_correcciones.md,OK,07_Datos/registro_correcciones.md
03_Modelado/README.md,backtick_ruta,03_Modelado/Diagramas/,OK,03_Modelado/Diagramas
03_Modelado/README.md,backtick_ruta,03_Modelado/Mockups/,OK,03_Modelado/Mockups
03_Modelado/README.md,backtick_ruta,03_Modelado/Mockups/MAPEO_RENOMBRADO.csv,OK,03_Modelado/Mockups/MAPEO_RENOMBRADO.csv
03_Modelado/README.md,backtick_ruta,03_Modelado/Mockups/checksums.sha256,OK,03_Modelado/Mockups/checksums.sha256
01_ERS/README.md,backtick_ruta,01_ERS/,OK,01_ERS
03_Modelado/Mockups/README.md,backtick_ruta,03_Modelado/Mockups/,OK,03_Modelado/Mockups
02_Evidencias/Respuestas/README.md,backtick_ruta,02_Evidencias/Cuestionario/,OK,02_Evidencias/Cuestionario
02_Evidencias/Respuestas/README.md,backtick_ruta,02_Evidencias/Fotos_Aplicacion/,OK,02_Evidencias/Fotos_Aplicacion
02_Evidencias/Respuestas/README.md,backtick_ruta,07_Publicacion/dataset_zenodo/,OK,07_Publicacion/dataset_zenodo
02_Evidencias/00_Restringido/README.md,backtick_ruta,02_Evidencias/Fichas tecnicas/fichas_tecnicas.csv,OK,02_Evidencias/Fichas tecnicas/fichas_tecnicas.csv
02_Evidencias/00_Restringido/README.md,backtick_ruta,02_Evidencias/Fichas tecnicas/duraciones_reales_ffprobe.csv,OK,02_Evidencias/Fichas tecnicas/duraciones_reales_ffprobe.csv
02_Evidencias/00_Restringido/README.md,backtick_ruta,02_Evidencias/00_Restringido/checksum_evidencias_restringidas.sha256,OK,02_Evidencias/00_Restringido/checksum_evidencias_restringidas.sha256
02_Evidencias/Consentimientos/README.md,markdown,../00_Restringido/README.md,OK,02_Evidencias/00_Restringido/README.md
02_Evidencias/Consentimientos/README.md,backtick_ruta,02_Evidencias/elegibilidad.csv,OK,02_Evidencias/elegibilidad.csv
02_Evidencias/Consentimientos/README.md,backtick_ruta,../00_Restringido/README.md,OK,02_Evidencias/00_Restringido/README.md
02_Evidencias/Consentimientos/README.md,backtick_ruta,../Validacion_Walkthrough/,OK,02_Evidencias/Validacion_Walkthrough
02_Evidencias/Consentimientos/README.md,backtick_ruta,../elegibilidad.csv,OK,02_Evidencias/elegibilidad.csv
02_Evidencias/Consentimientos/README.md,backtick_ruta,../../08_Etica/declaracion_desviacion_etica.md,OK,08_Etica/declaracion_desviacion_etica.md
02_Evidencias/Transcripciones/README.md,backtick_ruta,07_Datos/registro_correcciones.md,OK,07_Datos/registro_correcciones.md
02_Evidencias/Documentos_Organizacion/README.md,backtick_ruta,10_Autoria/declaracion_uso_ia.md,OK,10_Autoria/declaracion_uso_ia.md
02_Evidencias/Documentos_Organizacion/README.md,backtick_ruta,07_Datos/registro_correcciones.md,OK,07_Datos/registro_correcciones.md
02_Evidencias/Codificacion_Tematica/README.md,backtick_ruta,07_Datos/registro_correcciones.md,OK,07_Datos/registro_correcciones.md
02_Evidencias/Codificacion_Tematica/historial_libro_codigos.md,backtick_ruta,02_Evidencias/Codificacion_Tematica/libro_codigos.csv,OK,02_Evidencias/Codificacion_Tematica/libro_codigos.csv
02_Evidencias/Cuestionario/README.md,backtick_ruta,../Respuestas/respuestas_cuestionario_2B.csv,OK,02_Evidencias/Respuestas/respuestas_cuestionario_2B.csv
02_Evidencias/Cuestionario/README.md,backtick_ruta,../Fotos_Aplicacion/,OK,02_Evidencias/Fotos_Aplicacion
02_Evidencias/Member_Checking/README.md,backtick_ruta,../00_Restringido/,OK,02_Evidencias/00_Restringido
10_Autoria/bitácora_sesiones/README.md,backtick_ruta,../notas_campo/,OK,10_Autoria/notas_campo
10_Autoria/bitácora_sesiones/README.md,backtick_ruta,../../02_Evidencias/Transcripciones/,OK,02_Evidencias/Transcripciones
10_Autoria/notas_campo/README.md,backtick_ruta,10_Autoria/notas_campo/,OK,10_Autoria/notas_campo
10_Autoria/notas_campo/README.md,backtick_ruta,../bitácora_sesiones/bitacora_elicitacion.csv,OK,10_Autoria/bitácora_sesiones/bitacora_elicitacion.csv
10_Autoria/notas_campo/README.md,backtick_ruta,../../02_Evidencias/Transcripciones/,OK,02_Evidencias/Transcripciones
10_Autoria/notas_campo/README.md,backtick_ruta,../inventario_exif/inventario_exif.csv,OK,10_Autoria/inventario_exif/inventario_exif.csv
10_Autoria/inventario_exif/README.md,backtick_ruta,02_Evidencias/Fotos_Aplicacion/,OK,02_Evidencias/Fotos_Aplicacion
10_Autoria/inventario_exif/README.md,backtick_ruta,02_Evidencias/Fotos_Entorno/,OK,02_Evidencias/Fotos_Entorno
10_Autoria/inventario_exif/README.md,backtick_ruta,10_Autoria/capturas/,OK,10_Autoria/capturas
10_Autoria/inventario_exif/README.md,backtick_ruta,10_Autoria/correspondencia/,OK,10_Autoria/correspondencia
10_Autoria/inventario_exif/README.md,backtick_ruta,10_Autoria/fotos_equipo/,OK,10_Autoria/fotos_equipo
10_Autoria/inventario_exif/README.md,backtick_ruta,10_Autoria/notas_campo/,OK,10_Autoria/notas_campo
10_Autoria/capturas/README.md,backtick_ruta,../declaracion_cambio_composicion_equipo.md,OK,10_Autoria/declaracion_cambio_composicion_equipo.md
10_Autoria/capturas/README.md,backtick_ruta,../declaracion_cambio_composicion_equipo.pdf,OK,10_Autoria/declaracion_cambio_composicion_equipo.pdf
10_Autoria/verificacion_previa/verificacion_previa.md,backtick_ruta,02_Evidencias/Consentimientos/,OK,02_Evidencias/Consentimientos
10_Autoria/verificacion_previa/verificacion_previa.md,backtick_ruta,02_Evidencias/00_Restringido/,OK,02_Evidencias/00_Restringido
10_Autoria/verificacion_previa/verificacion_previa.md,backtick_ruta,02_Evidencias/Transcripciones/,OK,02_Evidencias/Transcripciones
10_Autoria/verificacion_previa/verificacion_previa.md,backtick_ruta,10_Autoria/correspondencia/,OK,10_Autoria/correspondencia
10_Autoria/verificacion_previa/verificacion_previa.md,backtick_ruta,07_Datos/datos_crudos/,OK,07_Datos/datos_crudos
10_Autoria/verificacion_previa/verificacion_previa.md,backtick_ruta,06_Experimento/,OK,06_Experimento
06_Experimento/scripts_analisis/README.md,backtick_ruta,../datos_crudos/hoja_evaluacion_ciega.csv,OK,06_Experimento/datos_crudos/hoja_evaluacion_ciega.csv
06_Experimento/scripts_analisis/README.md,backtick_ruta,../datos_crudos/requisitos_llm.csv,OK,06_Experimento/datos_crudos/requisitos_llm.csv
06_Experimento/scripts_analisis/README.md,backtick_ruta,../datos_crudos/evaluaciones_ciegas/Evaluacion_Mishell.xlsx,OK,06_Experimento/datos_crudos/evaluaciones_ciegas/Evaluacion_Mishell.xlsx
06_Experimento/scripts_analisis/README.md,backtick_ruta,../datos_crudos/evaluaciones_ciegas/Evaluacion_Angel.xlsx,OK,06_Experimento/datos_crudos/evaluaciones_ciegas/Evaluacion_Angel.xlsx
06_Experimento/scripts_analisis/README.md,backtick_ruta,../datos_crudos/evaluaciones_ciegas/Evaluacion_Dayana.xlsx,OK,06_Experimento/datos_crudos/evaluaciones_ciegas/Evaluacion_Dayana.xlsx
06_Experimento/scripts_analisis/README.md,backtick_ruta,../datos_crudos/evaluaciones_ciegas/Evaluacion_sebas.xlsx,OK,06_Experimento/datos_crudos/evaluaciones_ciegas/Evaluacion_sebas.xlsx
06_Experimento/scripts_analisis/README.md,backtick_ruta,../datos_procesados/matriz_trazabilidad_tema_RF.csv,OK,06_Experimento/datos_procesados/matriz_trazabilidad_tema_RF.csv
06_Experimento/scripts_analisis/README.md,backtick_ruta,../resultados/,OK,06_Experimento/resultados
06_Experimento/instrumentos/README.md,backtick_ruta,../datos_crudos/hoja_evaluacion_ciega.csv,OK,06_Experimento/datos_crudos/hoja_evaluacion_ciega.csv
06_Experimento/instrumentos/README.md,backtick_ruta,../datos_crudos/requisitos_llm.csv,OK,06_Experimento/datos_crudos/requisitos_llm.csv
06_Experimento/repeticion_A4/registro_osf_A4.md,backtick_ruta,06_Experimento/registro_previo/,OK,06_Experimento/registro_previo
06_Experimento/prompts_llm/prompt_generacion_RF_llm.md,backtick_ruta,02_Evidencias/Transcripciones/,OK,02_Evidencias/Transcripciones
06_Experimento/repeticion_A4/analisis/resultado_A5.md,backtick_ruta,06_Experimento/repeticion_A4/analisis/analisis_A5.py,OK,06_Experimento/repeticion_A4/analisis/analisis_A5.py
06_Experimento/repeticion_A4/analisis/resultado_A5.md,backtick_ruta,06_Experimento/repeticion_A4/evaluaciones_completadas/,OK,06_Experimento/repeticion_A4/evaluaciones_completadas
06_Experimento/repeticion_A4/evidencia_sesiones/README.md,backtick_ruta,../evaluaciones_completadas/SICST_A4_Evaluador_01_COMPLETADO.xlsx,OK,06_Experimento/repeticion_A4/evaluaciones_completadas/SICST_A4_Evaluador_01_COMPLETADO.xlsx
06_Experimento/repeticion_A4/evidencia_sesiones/README.md,backtick_ruta,../evaluaciones_completadas/SICST_A4_Evaluador_02_COMPLETADO.xlsx,OK,06_Experimento/repeticion_A4/evaluaciones_completadas/SICST_A4_Evaluador_02_COMPLETADO.xlsx
06_Experimento/repeticion_A4/evidencia_sesiones/README.md,backtick_ruta,../evaluaciones_completadas/SICST_A4_Evaluador_03_COMPLETADO.xlsx,OK,06_Experimento/repeticion_A4/evaluaciones_completadas/SICST_A4_Evaluador_03_COMPLETADO.xlsx
06_Experimento/repeticion_A4/evaluaciones_completadas/README.md,backtick_ruta,06_Experimento/repeticion_A4/,OK,06_Experimento/repeticion_A4
06_Experimento/repeticion_A4/evidencia_sesiones/transcripciones/2026-09-19_EVAL-02_transcripcion.md,backtick_ruta,06_Experimento/repeticion_A4/hoja_items_A4_v1.0.csv,OK,06_Experimento/repeticion_A4/hoja_items_A4_v1.0.csv
06_Experimento/repeticion_A4/evidencia_sesiones/transcripciones/2026-09-19_EVAL-03_transcripcion.md,backtick_ruta,06_Experimento/repeticion_A4/hoja_items_A4_v1.0.csv,OK,06_Experimento/repeticion_A4/hoja_items_A4_v1.0.csv
06_Experimento/repeticion_A4/evidencia_sesiones/transcripciones/2026-09-19_EVAL-01_transcripcion.md,backtick_ruta,06_Experimento/repeticion_A4/hoja_items_A4_v1.0.csv,OK,06_Experimento/repeticion_A4/hoja_items_A4_v1.0.csv
07_Publicacion/dataset_zenodo/ETHICS.md,backtick_ruta,07_Datos/,OK,07_Datos
07_Publicacion/dataset_zenodo/ETHICS.md,backtick_ruta,06_Experimento/,OK,06_Experimento
07_Publicacion/dataset_zenodo/ETHICS.md,backtick_ruta,08_Etica/,OK,08_Etica
07_Publicacion/dataset_zenodo/ETHICS.md,backtick_ruta,02_Evidencias/00_Restringido/,OK,02_Evidencias/00_Restringido
07_Publicacion/dataset_zenodo/ETHICS.md,backtick_ruta,06_Experimento/prompts_llm/prompt_generacion_RF_llm.md,OK,06_Experimento/prompts_llm/prompt_generacion_RF_llm.md
07_Publicacion/dataset_zenodo/ETHICS.md,backtick_ruta,06_Experimento/osf_deviations.pdf,OK,06_Experimento/osf_deviations.pdf
07_Publicacion/dataset_zenodo/ANONYMIZATION.md,backtick_ruta,02_Evidencias/00_Restringido/,OK,02_Evidencias/00_Restringido
07_Publicacion/dataset_zenodo/ANONYMIZATION.md,backtick_ruta,07_Datos/,OK,07_Datos
07_Publicacion/dataset_zenodo/ANONYMIZATION.md,backtick_ruta,06_Experimento/prompts_llm/,OK,06_Experimento/prompts_llm
07_Publicacion/dataset_zenodo/ANONYMIZATION.md,backtick_ruta,06_Experimento/datos_crudos/,OK,06_Experimento/datos_crudos
07_Publicacion/dataset_zenodo/ANONYMIZATION.md,backtick_ruta,06_Experimento/,OK,06_Experimento
07_Publicacion/dataset_zenodo/README_dataset.md,backtick_ruta,07_Datos/,OK,07_Datos
07_Publicacion/dataset_zenodo/README_dataset.md,backtick_ruta,06_Experimento/,OK,06_Experimento
07_Publicacion/dataset_zenodo/README_dataset.md,backtick_ruta,07_Datos/checksums_datos.sha256,OK,07_Datos/checksums_datos.sha256
05_MVP/SICST_Fisioterapeuta_APP/index.html,html,css/styles.css,OK,05_MVP/SICST_Fisioterapeuta_APP/css/styles.css
05_MVP/SICST_Fisioterapeuta_APP/index.html,html,js/app.js,OK,05_MVP/SICST_Fisioterapeuta_APP/js/app.js
05_MVP/SICST_Paciente_APP/index.html,html,css/styles.css,OK,05_MVP/SICST_Paciente_APP/css/styles.css
05_MVP/SICST_Paciente_APP/index.html,html,js/app.js,OK,05_MVP/SICST_Paciente_APP/js/app.js
